;Order;Family;Species;Link;Data sources;Filtered data;Version;Cite
1;Fagales;Juglandaceae;Juglans nigra;http://dx.doi.org/10.1534/g3.118.200030;https://www.ncbi.nlm.nih.gov/genome/61588;https://ftp.ncbi.nlm.nih.gov/genomes/all/GCA/003/123/865/GCA_003123865.1_ASM312386v1/GCA_003123865.1_ASM312386v1_genomic.fna.gz;;{Stevens, 2018 #462}
2;Fagales;Juglandaceae;Juglans microcarpa;http://dx.doi.org/10.1534/g3.118.200030;https://www.ncbi.nlm.nih.gov/genome/69336;https://ftp.ncbi.nlm.nih.gov/genomes/all/GCA/003/123/845/GCA_003123845.1_ASM312384v1/GCA_003123845.1_ASM312384v1_genomic.fna.gz;;{Stevens, 2018 #462}
3;Fagales;Juglandaceae;Juglans hindsii;http://dx.doi.org/10.1534/g3.118.200030;https://www.ncbi.nlm.nih.gov/genome/61552;https://ftp.ncbi.nlm.nih.gov/genomes/all/GCA/003/123/865/GCA_003123865.1_ASM312386v1/GCA_003123865.1_ASM312386v1_genomic.fna.gz;;{Stevens, 2018 #462}
4;Fagales;Juglandaceae;Juglans sigillata;http://dx.doi.org/10.1534/g3.118.200030;https://www.ncbi.nlm.nih.gov/genome/46586;https://ftp.ncbi.nlm.nih.gov/genomes/all/GCA/003/123/805/GCA_003123805.1_ASM312380v1/GCA_003123805.1_ASM312380v1_genomic.fna.gz;;{Stevens, 2018 #462}
5;Fagales;Juglandaceae;Juglans regia;http://dx.doi.org/10.1111/tpj.13207;https://treegenesdb.org/FTP/Genomes/Jure/v1.4;https://treegenesdb.org/FTP/Genomes/Jure/v1.4/genome/Jure.1_4.fa.gz;;{Martínez‐García, 2016 #402}
6;Fagales;Juglandaceae;Juglans cathayensis;http://dx.doi.org/10.1534/g3.118.200030;https://www.ncbi.nlm.nih.gov/genome/53211;https://ftp.ncbi.nlm.nih.gov/genomes/all/GCA/003/122/765/GCA_003122765.1_ASM312276v1/GCA_003122765.1_ASM312276v1_genomic.fna.gz;;{Stevens, 2018 #462}
7;Fagales;Juglandaceae;Pterocarya stenoptera;http://dx.doi.org/10.1534/g3.118.200030;https://www.ncbi.nlm.nih.gov/genome/69335;https://ftp.ncbi.nlm.nih.gov/genomes/all/GCA/003/123/785/GCA_003123785.1_ASM312378v1/GCA_003123785.1_ASM312378v1_genomic.fna.gz;;{Stevens, 2018 #462}
8;Fagales;Betulaceae;Betula pendula;http://dx.doi.org/10.1038/ng.3862;https://www.ebi.ac.uk/ena/data/view/FXXK01;ftp://ftp.ebi.ac.uk/pub/databases/ena/wgs/public/fxx/FXXK01.fasta.gz;;{Salojärvi, 2017 #441}
9;Fagales;Betulaceae;Alnus glutinosa;http://dx.doi.org/10.1126/science.aat1743;http://gigadb.org/dataset/101042;https://ftp.cngb.org/pub/gigadb/pub/10.5524/101001_102000/101042/Alnus_glutinosa_v1.fa;;{Griesmann, 2018 #330}
10;Fagales;Casuarinaceae;Casuarina equisetifolia;https://doi.org/10.1111/tpj.14159;http://forestry.fafu.edu.cn/db/Casuarinaceae/download.php;http://forestry.fafu.edu.cn/db/Casuarinaceae/gb/input/Genome.fa.gz;;{Ye, 2019 #907}
11;Fagales;Casuarinaceae;Casuarina glauca;http://dx.doi.org/10.1126/science.aat1743;http://gigadb.org/dataset/101051;https://ftp.cngb.org/pub/gigadb/pub/10.5524/101001_102000/101051/Casuarina_glauca_v1_b2.fa;;{Griesmann, 2018 #330}
12;Fagales;Myricaceae;Morella rubra;http://dx.doi.org/10.1111/pbi.12985;https://www.ncbi.nlm.nih.gov/genome/?term=PRJNA398601;https://ftp.ncbi.nlm.nih.gov/genomes/all/GCA/003/952/965/GCA_003952965.2_Mru_ZJU_2/GCA_003952965.2_Mru_ZJU_2_genomic.fna.gz;;{Jia, 2018 #363}
13;Fagales;Fagaceae;Quercus suber;http://dx.doi.org/10.1038/sdata.2018.69;https://www.ncbi.nlm.nih.gov/genome/?term=PKMF00000000;https://ftp.ncbi.nlm.nih.gov/genomes/all/GCF/002/906/115/GCF_002906115.1_CorkOak1.0/GCF_002906115.1_CorkOak1.0_genomic.fna.gz;;{Ramos, 2018 #908}
14;Fagales;Fagaceae;Quercus robur;http://dx.doi.org/10.1038/s41477-018-0172-3;https://www.ebi.ac.uk/ena/data/view/PRJEB19898;ftp://ftp.ebi.ac.uk/pub/databases/ena/wgs/public/olk/OLKR01.fasta.gz;;{Plomion, 2018 #427}
15;Fagales;Fagaceae;Fagus sylvatica;http://dx.doi.org/10.1093/gigascience/giy063;http://gigadb.org/dataset/view/id/100461;https://ftp.cngb.org/pub/gigadb/pub/10.5524/100001_101000/100461/Fagus_sylvatica_genome.fasta;;{Mishra, 2018 #410}
16;Cucurbitales;Cucurbitaceae;Citrullus lanatus;http://dx.doi.org/10.1038/ng.2470;http://cucurbitgenomics.org/organism/1;http://cucurbitgenomics.org/ftp/genome/watermelon/97103/v2.5/97103_genome_v2.5.fa.gz;;{Guo, 2013 #333}
17;Cucurbitales;Cucurbitaceae;Lagenaria siceraria;http://dx.doi.org/10.1111/tpj.13722;https://www.ncbi.nlm.nih.gov/genome/?term=NHZF00000000;https://ftp.ncbi.nlm.nih.gov/genomes/all/GCA/003/268/545/GCA_003268545.1_Lsi_v1.0/GCA_003268545.1_Lsi_v1.0_genomic.fna.gz;;{Wu, 2017 #507}
18;Cucurbitales;Cucurbitaceae;Cucumis melo;http://dx.doi.org/10.1073/pnas.1205415109;http://melonomics.cragenomica.es/files/Genome/Melon genome v3.5 Garcia-Mas et al 2012/;http://melonomics.cragenomica.es/files/Genome/Melon_genome_v3.5_Garcia-Mas_et_al_2012/CM_v3.5_assembly_scaffold_and_unscaffold_contigs.fasta;;{Garciamas, 2012 #327}
19;Cucurbitales;Cucurbitaceae;Siraitia grosvenorii;http://dx.doi.org/10.1093/gigascience/giy067;http://gigadb.org/dataset/view/id/100452;https://ftp.cngb.org/pub/gigadb/pub/10.5524/100001_101000/100452/monkfruit.fasta;;{Xia, 2018 #510}
20;Cucurbitales;Cucurbitaceae;Momordica charantia;http://dx.doi.org/10.1093/dnares/dsw047;https://www.ncbi.nlm.nih.gov/Traces/wgs/BDCS01?display=contigs;https://sra-download.ncbi.nlm.nih.gov/traces/wgs03/wgs_aux/BD/CS/BDCS01/BDCS01.1.fsa_nt.gz;;{Urasaki, 2017 #475}
21;Cucurbitales;Datiscaceae;Datisca glomerata;http://dx.doi.org/10.1126/science.aat1743;https://www.ncbi.nlm.nih.gov/genome/12838;https://ftp.ncbi.nlm.nih.gov/genomes/all/GCA/003/255/025/GCA_003255025.1_ASM325502v1/GCA_003255025.1_ASM325502v1_genomic.fna.gz;;{Griesmann, 2018 #330}
22;Cucurbitales;Begoniaceae;Begonia fuchsioides;http://dx.doi.org/10.1126/science.aat1743;http://gigadb.org/dataset/101043;https://ftp.cngb.org/pub/gigadb/pub/10.5524/101001_102000/101043/Begonia_fuchsioides_v1.fa;;{Griesmann, 2018 #330}
23;Rosales;Rosaceae;Prunus persica;http://dx.doi.org/10.1038/ng.2586;https://phytozome.jgi.doe.gov/pz/portal.html#!info?alias=Org Ppersica;"curl --cookie jgi_session=/api/sessions/71320bf00882655cbeec87f9f2101576 --output download.20220710.115705.zip -d ""{\""ids\"":{\""Phytozome-139\"":[\""53112a9549607a1be005596b\""]}}"" -H ""Content-Type: application/json"" https://files.jgi.doe.gov/filedownload/";;{The International Peach Genome, 2013 #983}
24;Rosales;Rosaceae;Prunus mume;http://dx.doi.org/10.1038/ncomms2290;https://www.ncbi.nlm.nih.gov/genome/?term=PRJNA171605;https://ftp.ncbi.nlm.nih.gov/genomes/all/GCF/000/346/735/GCF_000346735.1_P.mume_V1.0/GCF_000346735.1_P.mume_V1.0_genomic.fna.gz;;{Zhang, 2012 #895}
25;Rosales;Rosaceae;Prunus yedoensis;http://dx.doi.org/10.1186/s13059-018-1497-y;https://www.ncbi.nlm.nih.gov/genome/?term=PJQY00000000;https://ftp.ncbi.nlm.nih.gov/genomes/all/GCA/005/406/145/GCA_005406145.1_CYE_r3.1/GCA_005406145.1_CYE_r3.1_genomic.fna.gz;;{Baek, 2018 #896}
26;Rosales;Rosaceae;Pyrus communis;http://dx.doi.org/10.1371/journal.pone.0092644;https://www.rosaceae.org/species/pyrus/pyrus_communis/genome_v1.0;https://www.rosaceae.org/rosaceae_downloads/Pyrus_communis/Pcommunis-draft_genome.v1.0/assembly/Pyrus_communis_v1.0-scaffolds.fna.gz;;{Chagné, 2014 #294}
27;Rosales;Rosaceae;Pyrus bretschneideri;http://dx.doi.org/10.1101/gr.144311.112;http://peargenome.njau.edu.cn/;https://ftp.ncbi.nlm.nih.gov/genomes/all/GCF/019/419/815/GCF_019419815.1_Pyrus_bretschneideri_v1/GCF_019419815.1_Pyrus_bretschneideri_v1_genomic.fna.gz;;{Wu, 2013 #505}
28;Rosales;Rosaceae;Rosa chinensis;http://dx.doi.org/10.1038/s41477-018-0166-1;https://www.rosaceae.org/species/rosa/chinensis/genome_v1.0;https://www.rosaceae.org/rosaceae_downloads/Rosa_chinensis/Rchinensis-genome.v1.0/assembly/OBDH_1.0_formated.fasta.gz;;{Hibrand Saint-Oyant, 2018 #897}
29;Rosales;Rosaceae;Rosa multiflora;http://dx.doi.org/10.1093/dnares/dsx042;https://www.ncbi.nlm.nih.gov/genome/?term=PRJDB4738;https://ftp.ncbi.nlm.nih.gov/genomes/all/GCA/002/564/525/GCA_002564525.1_RMU_r2.0/GCA_002564525.1_RMU_r2.0_genomic.fna.gz;;{Nakamura, 2017 #417}
30;Rosales;Rosaceae;Fragaria vesca;http://dx.doi.org/10.1038/ng.740;https://phytozome.jgi.doe.gov/pz/portal.html#!info?alias=Org_Fvesca;"curl --cookie jgi_session=/api/sessions/71320bf00882655cbeec87f9f2101576 --output download.20220710.120459.zip -d ""{\""ids\"":{\""Phytozome-501\"":[\""5bfddb6d46d1e61e989e7893\""]}}"" -H ""Content-Type: application/json"" https://files.jgi.doe.gov/filedownload/";;{Shulaev, 2011 #454}
31;Rosales;Rosaceae;Potentilla micrantha;http://dx.doi.org/10.1093/gigascience/giy010;http://gigadb.org/dataset/100407;https://ftp.cngb.org/pub/gigadb/pub/10.5524/100001_101000/100407/Potentilla_draft_genome.fasta.gz;;{Buti, 2018 #287}
32;Rosales;Rosaceae;Rubus occidentalis;http://dx.doi.org/10.1093/gigascience/giy094;http://gigadb.org/dataset/100465;https://ftp.cngb.org/pub/gigadb/pub/10.5524/100001_101000/100465/Rubus_occ_V3_10-12-17.fasta.gz;;{Wai, 2018 #898}
33;Rosales;Rosaceae;Dryas drummondii;http://dx.doi.org/10.1126/science.aat1743;http://gigadb.org/dataset/101047;https://ftp.cngb.org/pub/gigadb/pub/10.5524/101001_102000/101047/Dryas_drummondii_v1.fa;;{Griesmann, 2018 #330}
34;Rosales;Cannabaceae;Cannabis sativa;http://dx.doi.org/10.1186/gb-2011-12-10-r102;https://www.ncbi.nlm.nih.gov/genome/?term=AGQN00000000;https://ftp.ncbi.nlm.nih.gov/genomes/all/GCF/900/626/175/GCF_900626175.2_cs10/GCF_900626175.2_cs10_genomic.fna.gz;;{Bakel, 2011 #282}
35;Rosales;Cannabaceae;Humulus lupulus;http://dx.doi.org/10.1093/pcp/pcu169;https://www.ncbi.nlm.nih.gov/genome/?term=PRJDB3233;https://ftp.ncbi.nlm.nih.gov/genomes/all/GCA/000/830/395/GCA_000830395.1_hl_KR_version_1.0.fasta/GCA_000830395.1_hl_KR_version_1.0.fasta_genomic.fna.gz;;{Uemura, 2014 #901}
36;Rosales;Cannabaceae;Parasponia andersonii;http://dx.doi.org/10.1073/pnas.1721395115;https://www.ncbi.nlm.nih.gov/genome/?term=PRJNA272473;https://ftp.ncbi.nlm.nih.gov/genomes/all/GCA/002/914/805/GCA_002914805.1_PanWU01x14_asm01/GCA_002914805.1_PanWU01x14_asm01_genomic.fna.gz;;{van Velzen, 2018 #899}
37;Rosales;Cannabaceae;Trema orientalis;http://dx.doi.org/10.1073/pnas.1721395115;https://www.ncbi.nlm.nih.gov/genome/?term=PRJNA272482;https://ftp.ncbi.nlm.nih.gov/genomes/all/GCA/002/914/845/GCA_002914845.1_TorRG33x02_asm01/GCA_002914845.1_TorRG33x02_asm01_genomic.fna.gz;;{van Velzen, 2018 #899}
38;Rosales;Moraceae;Morus notabilis;http://dx.doi.org/10.1038/ncomms3445;https://www.ncbi.nlm.nih.gov/genome/?term=PRJNA202089%3B;https://ftp.ncbi.nlm.nih.gov/genomes/all/GCF/000/414/095/GCF_000414095.1_ASM41409v2/GCF_000414095.1_ASM41409v2_genomic.fna.gz;;{He, 2013 #341}
39;Rosales;Moraceae;Ficus carica;http://dx.doi.org/10.1038/srep41124;https://www.ncbi.nlm.nih.gov/genome/?term=Ficus%20carica;https://ftp.ncbi.nlm.nih.gov/genomes/all/GCA/002/002/945/GCA_002002945.1_F.carica_assembly01/GCA_002002945.1_F.carica_assembly01_genomic.fna.gz;;{Mori, 2017 #415}
40;Rosales;Urticaceae;Boehmeria nivea;http://dx.doi.org/10.1111/1755-0998.12766;https://www.ncbi.nlm.nih.gov/Traces/wgs/PHNS01?display=contigs;https://sra-download.ncbi.nlm.nih.gov/traces/wgs03/wgs_aux/PH/NS/PHNS01/PHNS01.1.fsa_nt.gz;;{Luan, 2018 #398}
41;Rosales;Rhamnaceae;Ziziphus jujuba;http://dx.doi.org/10.1038/ncomms6315;http://ftp.ncbi.nlm.nih.gov/genomes/all/GCF/000/826/755/GCF_000826755.1_ZizJuj_1.1/;https://ftp.ncbi.nlm.nih.gov/genomes/all/GCF/000/826/755/GCF_000826755.1_ZizJuj_1.1/GCF_000826755.1_ZizJuj_1.1_genomic.fna.gz;;{Liu, 2014 #390}
42;Rosales;Rhamnaceae;Ochetophila trinervis;http://dx.doi.org/10.1126/science.aat1743;http://gigadb.org/dataset/101048;https://ftp.cngb.org/pub/gigadb/pub/10.5524/101001_102000/101048/Discaria_trinervis_v1.0.fa;;{Griesmann, 2018 #330}
43;Fabales;Fabaceae;Vigna subterranea;https://doi.org/10.1093/gigascience/giy152;http://gigadb.org/dataset/101055;https://ftp.cngb.org/pub/gigadb/pub/10.5524/101001_102000/101055/Vigna_subterranea_genome.fa;;{Song, 2018 #892}
44;Fabales;Fabaceae;Vigna angularis;http://dx.doi.org/10.1038/srep08069;https://www.ncbi.nlm.nih.gov/genome/?term=JRFV00000000;https://ftp.ncbi.nlm.nih.gov/genomes/all/GCF/001/190/045/GCF_001190045.1_Vigan1.1/GCF_001190045.1_Vigan1.1_genomic.fna.gz;;{Yang, 2014 #524}
45;Fabales;Fabaceae;Phaseolus vulgaris;http://dx.doi.org/10.1038/ng.3008;https://www.ncbi.nlm.nih.gov/Traces/wgs/ANNZ01?display=contigs;https://sra-download.ncbi.nlm.nih.gov/traces/wgs03/wgs_aux/AN/NZ/ANNZ01/ANNZ01.1.fsa_nt.gz;;{Schmutz, 2014 #448}
46;Fabales;Fabaceae;Lablab purpureus;https://doi.org/10.1093/gigascience/giy152;http://gigadb.org/dataset/101056;https://ftp.cngb.org/pub/gigadb/pub/10.5524/101001_102000/101056/Lablab_purpureus_genome.fa;;{Song, 2018 #892}
47;Fabales;Fabaceae;Glycine max;http://dx.doi.org/10.1038/nature08670;https://phytozome.jgi.doe.gov/pz/portal.html#!info?alias=Org_Gmax;"curl --cookie jgi_session=/api/sessions/598cfc9474723837339257363f7d06a7 --output download.20220708.013706.zip -d ""{\""ids\"":{\""Phytozome-275\"":[\""53112af049607a1be0055a33\""]}}"" -H ""Content-Type: application/json"" https://files.jgi.doe.gov/filedownload/";;{Schmutz, 2010 #447}
48;Fabales;Fabaceae;Glycine soja;http://dx.doi.org/10.1038/nbt.2979;https://www.ncbi.nlm.nih.gov/bioproject/?term=PRJNA195632;https://ftp.ncbi.nlm.nih.gov/genomes/all/GCF/004/193/775/GCF_004193775.1_ASM419377v2/GCF_004193775.1_ASM419377v2_genomic.fna.gz;;{Xie,2019#1009}
49;Fabales;Fabaceae;Trifolium pratense;http://dx.doi.org/10.1038/srep17394;https://phytozome.jgi.doe.gov/pz/portal.html#!info?alias=Org Tpratense;"curl --cookie jgi_session=/api/sessions/598cfc9474723837339257363f7d06a7 --output download.20220708.014045.zip -d ""{\""ids\"":{\""Phytozome-385\"":[\""575b4bcb7ded5e3df1ee6bed\""]}}"" -H ""Content-Type: application/json"" https://files.jgi.doe.gov/filedownload/";;{De Vega, 2015 #980}
50;Fabales;Fabaceae;Medicago truncatula;http://dx.doi.org/10.1038/nature10625;https://phytozome.jgi.doe.gov/pz/portal.html#!info?alias=Org_Mtruncatula;"curl --cookie jgi_session=/api/sessions/598cfc9474723837339257363f7d06a7 --output download.20220708.015441.zip -d ""{\""ids\"":{\""Phytozome-285\"":[\""56981cdd0d87851ee9727d29\""]}}"" -H ""Content-Type: application/json"" https://files.jgi.doe.gov/filedownload/";;{Young, 2011 #530}
51;Fabales;Fabaceae;Cicer reticulatum;http://dx.doi.org/10.1093/dnares/dsw042;https://www.ncbi.nlm.nih.gov/genome/?term=PRJNA263699;https://ftp.ncbi.nlm.nih.gov/genomes/all/GCA/003/689/015/GCA_003689015.2_ASM368901v2/GCA_003689015.2_ASM368901v2_genomic.fna.gz;;{Gupta, 2017 #335}
52;Fabales;Fabaceae;Lotus japonicus;http://dx.doi.org/10.1093/dnares/dsn008;https://www.ncbi.nlm.nih.gov/Traces/wgs/BABK02?display=contigs;https://sra-download.ncbi.nlm.nih.gov/traces/wgs03/wgs_aux/BA/BK/BABK02/BABK02.1.fsa_nt.gz;;{Sato, 2008 #444}
53;Fabales;Fabaceae;Arachis ipaensis;http://dx.doi.org/10.1038/ng.3517;https://www.peanutbase.org/files/genomes/Arachis_ipaensis/;https://www.peanutbase.org/files/genomes/Arachis_ipaensis/assembly/Aipa2s.split7.fa.gz;;{Bertioli, 2016 #893}
54;Fabales;Fabaceae;Arachis monticola;http://dx.doi.org/10.1093/gigascience/giy066;http://gigadb.org/dataset/100453;https://ftp.cngb.org/pub/gigadb/pub/10.5524/100001_101000/100453/A.monticola_all_genome_v1.2.fasta;;{Li, 2018 #894}
55;Fabales;Fabaceae;Arachis duranensis;http://dx.doi.org/10.1038/ng.3517;https://peanutbase.org/data/public/Arachis_duranensis/;https://peanutbase.org/data/public/Arachis_duranensis/V14167.gnm1.SWBf/aradu.V14167.gnm1.SWBf.genome_main.fna.gz;;{Bertioli, 2016 #893}
56;Fabales;Fabaceae;Nissolia schottii;http://dx.doi.org/10.1126/science.aat1743;http://gigadb.org/dataset/101050;https://ftp.cngb.org/pub/gigadb/pub/10.5524/101001_102000/101050/Nissolia_schottii_v1.fa;;{Griesmann, 2018 #330}
57;Fabales;Fabaceae;Ammopiptanthus nanus;http://dx.doi.org/10.1093/gigascience/giy074;http://gigadb.org/dataset/100466;https://ftp.cngb.org/pub/gigadb/pub/10.5524/100001_101000/100466/final.genome.fasta;;{Gao, 2018 #325}
58;Fabales;Fabaceae;Lupinus angustifolius;http://dx.doi.org/10.1111/pbi.12615;http://www.lupinexpress.org/node/16;https://lupinexpress.org/wp-content/uploads/final-assemblies/Lupinus_angustifolius_scaffolds_v1.0.fa.zip;;{Hane, 2017 #337}
59;Fabales;Fabaceae;Mimosa pudica;http://dx.doi.org/10.1126/science.aat1743;http://gigadb.org/dataset/101049;https://ftp.cngb.org/pub/gigadb/pub/10.5524/101001_102000/101049/Mimosa_pudica_v1.fa;;{Griesmann, 2018 #330}
60;Fabales;Fabaceae;Faidherbia albida;https://doi.org/10.1093/gigascience/giy152;http://gigadb.org/dataset/101054;https://ftp.cngb.org/pub/gigadb/pub/10.5524/101001_102000/101054/Faidherbia_albida_genome.fa;;{Song, 2018 #892}
61;Fabales;Fabaceae;Chamaecrista fasciculata;http://dx.doi.org/10.1126/science.aat1743;http://gigadb.org/dataset/101045;https://ftp.cngb.org/pub/gigadb/pub/10.5524/101001_102000/101045/Chamaecrista_fasciculata_v1.fa;;{Griesmann, 2018 #330}
62;Fabales;Fabaceae;Cercis canadensis;http://dx.doi.org/10.1126/science.aat1743;http://gigadb.org/dataset/101044;https://ftp.cngb.org/pub/gigadb/pub/10.5524/101001_102000/101044/Cercis_canadensis_v1.0.fa;;{Griesmann, 2018 #330}
63;Malpighiales;Salicaceae;Populus tremula;https://doi.org/10.1073/pnas.1801437115;ftp://plantgenie.org/Data/PopGenIE/Populus_tremula/v1.1/;ftp://plantgenie.org/Data/PopGenIE/Populus_tremula/v1.1/fasta/Potra01-genome.fa.gz;;{Lin, 2018 #903}
64;Malpighiales;Salicaceae;Populus alba;http://dx.doi.org/10.1111/pbi.12989;ftp://download.big.ac.cn/gwh/Plants/Populus_alba_var._pyramidalis_Populus_alba_var._pyramidalis_v1_GWHAAEP00000000/;https://download.cncb.ac.cn/gwh/Plants/Populus_alba_var._pyramidalis_Populus_alba_var._pyramidalis_v1_GWHAAEP00000000/GWHAAEP00000000.genome.fasta.gz;;{Ma, 2018 #400}
65;Malpighiales;Salicaceae;Populus trichocarpa;http://dx.doi.org/10.1126/science.1128691;https://phytozome.jgi.doe.gov/pz/portal.html#!info?alias=Org_Ptrichocarpa_er;"curl --cookie jgi_session=/api/sessions/71320bf00882655cbeec87f9f2101576 --output download.20220710.144908.zip -d ""{\""ids\"":{\""Phytozome-444\"":[\""587b0ae97ded5e4229d885cb\""]}}"" -H ""Content-Type: application/json"" https://files.jgi.doe.gov/filedownload/";;{Tuskan, 2006 #473}
66;Malpighiales;Salicaceae;Populus pruinosa;http://dx.doi.org/10.1093/gigascience/gix075;http://gigadb.org/dataset/view/id/100319/File page/6;https://ftp.cngb.org/pub/gigadb/pub/10.5524/100001_101000/100319/00.upload.data/01.Ppr_genome.fa;;{Yang, 2017 #525}
67;Malpighiales;Salicaceae;Populus tremuloide;https://doi.org/10.1073/pnas.1801437115;ftp://plantgenie.org/Data/PopGenIE/Populus_tremuloides/v1.1/;ftp://plantgenie.org/Data/PopGenIE/Populus_tremuloides/v1.1/FASTA/Potrs01b-genome.fa.gz;;{Lin, 2018 #903}
68;Malpighiales;Rhizophoraceae;Rhizophora apiculata;http://dx.doi.org/10.1093/nsr/nwx065;https://www.ncbi.nlm.nih.gov/genome/?term=PRJEB8423;https://ftp.ncbi.nlm.nih.gov/genomes/all/GCA/900/174/605/GCA_900174605.1_Rap_scaffold_v2/GCA_900174605.1_Rap_scaffold_v2_genomic.fna.gz;;{Xu, 2017 #516}
69;Malpighiales;Euphorbiaceae;Hevea brasiliensis;http://dx.doi.org/10.1186/1471-2164-14-75;ftp://ftp.ncbi.nih.gov/genomes/Hevea_brasiliensis/;https://ftp.ncbi.nlm.nih.gov/genomes/all/GCF/001/654/055/GCF_001654055.1_ASM165405v1/GCF_001654055.1_ASM165405v1_genomic.fna.gz;;{Tang, 2016 #987}
70;Malpighiales;Euphorbiaceae;Manihot esculenta;http://dx.doi.org/10.1007/s12042-011-9088-z;https://phytozome.jgi.doe.gov/pz/portal.html#!info?alias=Org_Mesculenta;"curl --cookie jgi_session=/api/sessions/71320bf00882655cbeec87f9f2101576 --output download.20220711.120901.zip -d ""{\""ids\"":{\""Phytozome-305\"":[\""555a28fb0d8785178e713ff6\""]}}"" -H ""Content-Type: application/json"" https://files.jgi.doe.gov/filedownload/";;{Prochnik, 2012 #428}
71;Malpighiales;Euphorbiaceae;Ricinus communis;http://dx.doi.org/10.1038/nbt.1674;https://phytozome.jgi.doe.gov/pz/portal.html#!info?alias=Org_Rcommunis;"curl --cookie jgi_session=/api/sessions/71320bf00882655cbeec87f9f2101576 --output download.20220710.151419.zip -d ""{\""ids\"":{\""Phytozome-119\"":[\""53112a3c49607a1be00558a6\""]}}"" -H ""Content-Type: application/json"" https://files.jgi.doe.gov/filedownload/";;{Chan, 2010 #296}
72;Oxalidales;Cephalotaceae;Cephalotus follicularis;http://dx.doi.org/10.1038/s41559-016-0059;https://datadryad.org/resource/doi:10.5061/dryad.50tq3;https://datadryad.org/stash/downloads/file_stream/1172;;{Fukushima, 2017 #323}
73;Brassicales;Brassicaceae;Brassica juncea;http://dx.doi.org/10.1038/ng.3657;https://www.ncbi.nlm.nih.gov/genome/?term=LFQT00000000;https://ftp.ncbi.nlm.nih.gov/genomes/all/GCA/001/687/265/GCA_001687265.1_Brassica_juncea_var_tumida_T84-66_v1/GCA_001687265.1_Brassica_juncea_var_tumida_T84-66_v1_genomic.fna.gz;;{Yang, 2016 #520}
74;Brassicales;Brassicaceae;Brassica rapa;http://dx.doi.org/10.1038/ng.919;https://phytozome.jgi.doe.gov/pz/portal.html#!info?alias=Org_BrapaFPsc;"curl --cookie jgi_session=/api/sessions/71320bf00882655cbeec87f9f2101576 --output download.20220710.153105.zip -d ""{\""ids\"":{\""Phytozome-277\"":[\""53112afd49607a1be0055a51\""]}}"" -H ""Content-Type: application/json"" https://files.jgi.doe.gov/filedownload/";;{The Brassica rapa Genome Sequencing Project, 2011 #998}
75;Brassicales;Brassicaceae;Brassica nigra;http://dx.doi.org/10.1038/ng.3657;https://www.ncbi.nlm.nih.gov/genome/?term=LFLV00000000;https://ftp.ncbi.nlm.nih.gov/genomes/all/GCA/001/682/895/GCA_001682895.1_ASM168289v1/GCA_001682895.1_ASM168289v1_genomic.fna.gz;;{Yang, 2016 #520}
76;Brassicales;Brassicaceae;Raphanus raphanistrum;http://dx.doi.org/10.1105/tpc.114.124297;https://www.ncbi.nlm.nih.gov/genome/?term=PRJNA209513.;https://ftp.ncbi.nlm.nih.gov/genomes/all/GCA/000/769/845/GCA_000769845.1_ASM76984v1/GCA_000769845.1_ASM76984v1_genomic.fna.gz;;{Moghe, 2014 #412}
77;Brassicales;Brassicaceae;Sisymbrium irio;http://dx.doi.org/10.1038/ng.2684;http://mustang.biol.mcgill.ca:8885/download/S.irio/;http://mustang.biol.mcgill.ca:8885/download/S.irio/S.irio.fa;;{Haudry, 2013 #340}
78;Brassicales;Brassicaceae;Eutrema salsugineum;http://dx.doi.org/10.3389/fpls.2013.00046;https://phytozome.jgi.doe.gov;"curl --cookie jgi_session=/api/sessions/71320bf00882655cbeec87f9f2101576 --output download.20220711.120834.zip -d ""{\""ids\"":{\""Phytozome-173\"":[\""53112a7849607a1be0055928\""]}}"" -H ""Content-Type: application/json"" https://files.jgi.doe.gov/filedownload/";;{Ruolin, 2013 #439}
79;Brassicales;Brassicaceae;Eutrema heterophyllum;http://dx.doi.org/10.1093/dnares/dsy003;https://www.ncbi.nlm.nih.gov/genome/?term=PKMM00000000;https://ftp.ncbi.nlm.nih.gov/genomes/all/GCA/002/933/915/GCA_002933915.1_ASM293391v1/GCA_002933915.1_ASM293391v1_genomic.fna.gz;;{Guo, 2018 #334}
80;Brassicales;Brassicaceae;Eutrema yunnanense;http://dx.doi.org/10.1093/dnares/dsy003;https://www.ncbi.nlm.nih.gov/genome/?term=PKML00000000;https://ftp.ncbi.nlm.nih.gov/genomes/all/GCA/002/933/935/GCA_002933935.1_ASM293393v1/GCA_002933935.1_ASM293393v1_genomic.fna.gz;;{Guo, 2018 #334}
81;Brassicales;Brassicaceae;Thlaspi arvense;http://dx.doi.org/10.1093/dnares/dsu045;https://www.ncbi.nlm.nih.gov/genome/?term=AZNP00000000;https://ftp.ncbi.nlm.nih.gov/genomes/all/GCA/000/956/625/GCA_000956625.1_T_arvense_v1/GCA_000956625.1_T_arvense_v1_genomic.fna.gz;;{Dorn, 2015 #316}
82;Brassicales;Brassicaceae;Arabis alpina;http://dx.doi.org/10.1038/nplants.2014.23;https://www.ncbi.nlm.nih.gov/genome/?term=JNGA00000000;https://ftp.ncbi.nlm.nih.gov/genomes/all/GCA/900/128/785/GCA_900128785.1_MPIPZ.v5/GCA_900128785.1_MPIPZ.v5_genomic.fna.gz;;{Willing, 2015 #503}
83;Brassicales;Brassicaceae;Capsella rubella;http://dx.doi.org/10.1038/ng.2669;https://phytozome.jgi.doe.gov/pz/portal.html#!info?alias=Org_Crubella;"curl --cookie jgi_session=/api/sessions/71320bf00882655cbeec87f9f2101576 --output download.20220711.120508.zip -d ""{\""ids\"":{\""Phytozome-474\"":[\""5f4058449a211ae42a1a2bed\""]}}"" -H ""Content-Type: application/json"" https://files.jgi.doe.gov/filedownload/";;{Slotte, 2013 #457}
84;Brassicales;Brassicaceae;Capsella bursa pastoris;http://dx.doi.org/10.1111/tpj.13563;https://www.ncbi.nlm.nih.gov/genome/?term=PRJNA352734;https://ftp.ncbi.nlm.nih.gov/genomes/all/GCA/001/974/645/GCA_001974645.1_C_bursa_pastoris_nuclear_genome_v1/GCA_001974645.1_C_bursa_pastoris_nuclear_genome_v1_genomic.fna.gz;;{Kasianov, 2017 #372}
85;Brassicales;Brassicaceae;Camelina sativa;http://dx.doi.org/10.1038/ncomms4706;https://www.ncbi.nlm.nih.gov/genome/?term=JFZQ00000000;https://ftp.ncbi.nlm.nih.gov/genomes/all/GCF/000/633/955/GCF_000633955.1_Cs/GCF_000633955.1_Cs_genomic.fna.gz;;{Kagale, 2014 #370}
86;Brassicales;Brassicaceae;Arabidopsis thaliana;http://dx.doi.org/10.1038/35048692;ftp://ftp.psb.ugent.be/pub/plaza/plaza_public_monocots 04/Genomes/;https://ftp.psb.ugent.be/pub/plaza/plaza_public_monocots_04/Genomes/ath.con.gz;;{Cheng, 2017 #995}
87;Brassicales;Brassicaceae;Arabidopsis lyrata;http://dx.doi.org/10.1038/ng.807;https://phytozome.jgi.doe.gov/pz/portal.html#!info?alias=Org_Alyrata;"curl --cookie jgi_session=/api/sessions/71320bf00882655cbeec87f9f2101576 --output download.20220711.120809.zip -d ""{\""ids\"":{\""Phytozome-384\"":[\""585486967ded5e78cff8c52c\""]}}"" -H ""Content-Type: application/json"" https://files.jgi.doe.gov/filedownload/";;{Hu, 2011 #354}
88;Brassicales;Brassicaceae;Leavenworthia alabamica;http://dx.doi.org/10.1038/ng.2684;http://mustang.biol.mcgill.ca:8885/download/L.alabamica/;http://mustang.biol.mcgill.ca:8885/download/L.alabamica/L.alabamica.fa;;{Haudry, 2013 #340}
89;Brassicales;Brassicaceae;Cardamine hirsuta;http://dx.doi.org/10.1038/nplants.2016.167;http://chi.mpipz.mpg.de/assembly.html;http://chi.mpipz.mpg.de/download/sequences/chi_v1.fa;;{Gan, 2016 #324}
90;Brassicales;Brassicaceae;Aethionema arabicum;http://dx.doi.org/10.1038/ng.2684;http://mustang.biol.mcgill.ca:8885/download/A.arabicum/;http://mustang.biol.mcgill.ca:8885/download/A.arabicum/A.arabicum.fa;;{Haudry, 2013 #340}
91;Brassicales;Cleomaceae;Tarenaya hassleriana;http://dx.doi.org/10.1105/tpc.113.113480;ftp://ftp.ncbi.nlm.nih.gov/genomes/all/GCF/000/463/585/GCF 000463585.1_ASM46358v1/;https://ftp.ncbi.nlm.nih.gov/genomes/all/GCF/000/463/585/GCF_000463585.1_ASM46358v1/GCF_000463585.1_ASM46358v1_genomic.fna.gz;;{Cheng, 2013 #302}
92;Brassicales;Moringaceae;Moringa oleifera;https://doi.org/10.1093/gigascience/giy152;http://gigadb.org/dataset/101058;https://ftp.cngb.org/pub/gigadb/pub/10.5524/101001_102000/101058/Moringa_oleifera_genome.fa;;{Song, 2018 #892}
93;Brassicales;Caricaceae;Carica papaya;http://dx.doi.org/10.1038/nature06856;https://phytozome.jgi.doe.gov/pz/portal.html#!info?alias=Org_Cpapaya;"curl --cookie jgi_session=/api/sessions/71320bf00882655cbeec87f9f2101576 --output download.20220710.162943.zip -d ""{\""ids\"":{\""Phytozome-113\"":[\""585474ca7ded5e78cff8c4c0\""]}}"" -H ""Content-Type: application/json"" https://files.jgi.doe.gov/filedownload/";;{Ming, 2008 #407}
94;Malvales;Malvaceae;Gossypium hirsutum;http://dx.doi.org/10.1038/nbt.3208;https://www.ncbi.nlm.nih.gov/genome/?term=PRJNA259930;https://ftp.ncbi.nlm.nih.gov/genomes/all/GCF/000/987/745/GCF_000987745.1_ASM98774v1/GCF_000987745.1_ASM98774v1_genomic.fna.gz;;{Li, 2015 #383}
95;Malvales;Malvaceae;Gossypium barbadense;http://dx.doi.org/10.1038/srep14139;https://www.ncbi.nlm.nih.gov/genome/?term=PRJNA251673;https://ftp.ncbi.nlm.nih.gov/genomes/all/GCA/001/856/525/GCA_001856525.1_GbV1.0/GCA_001856525.1_GbV1.0_genomic.fna.gz;;{Liu, 2015 #394}
96;Malvales;Malvaceae;Gossypium raimondii;http://dx.doi.org/10.1038/ng.2371;https://phytozome.jgi.doe.gov/pz/portal.html#!info?alias=Org Graimondii;"curl --cookie jgi_session=/api/sessions/71320bf00882655cbeec87f9f2101576 --output download.20220710.164501.zip -d ""{\""ids\"":{\""Phytozome-221\"":[\""53112a1449607a1be0055857\""]}}"" -H ""Content-Type: application/json"" https://files.jgi.doe.gov/filedownload/";;{Wang, 2012 #1001}
97;Malvales;Malvaceae;Bombax ceiba;http://dx.doi.org/10.1093/gigascience/giy051;http://gigadb.org/dataset/view/id/100445;https://ftp.cngb.org/pub/gigadb/pub/10.5524/100001_101000/100445/Mumian.Scaffold.fasta;;{Gao, 2018 #326}
98;Malvales;Malvaceae;Durio zibethinus;http://dx.doi.org/10.1038/ng.3972;https://www.ncbi.nlm.nih.gov/genome/?term=PRJNA400310;https://ftp.ncbi.nlm.nih.gov/genomes/all/GCF/002/303/985/GCF_002303985.1_Duzib1.0/GCF_002303985.1_Duzib1.0_genomic.fna.gz;;{Teh, 2017 #470}
99;Malvales;Malvaceae;Corchorus capsularis;http://dx.doi.org/10.1038/nplants.2016.223;https://www.ncbi.nlm.nih.gov/genome/?term=AWWV00000000;https://ftp.ncbi.nlm.nih.gov/genomes/all/GCA/001/974/805/GCA_001974805.1_CCACVL1_1.0/GCA_001974805.1_CCACVL1_1.0_genomic.fna.gz;;{Islam, 2017 #359}
100;Malvales;Malvaceae;Corchorus olitorius;http://dx.doi.org/10.1038/nplants.2016.223;https://www.ncbi.nlm.nih.gov/genome/?term=AWUE00000000;https://ftp.ncbi.nlm.nih.gov/genomes/all/GCA/001/974/825/GCA_001974825.1_COLO4_1.0/GCA_001974825.1_COLO4_1.0_genomic.fna.gz;;{Islam, 2017 #359}
101;Malvales;Malvaceae;Theobroma cacao;http://dx.doi.org/10.1038/ng.736;ftp://ftp.ncbi.nlm.nih.gov/genomes/all/GCF/000/403/535/GCF_000403535.1_Theobroma_cacao_20110822/;https://ftp.ncbi.nlm.nih.gov/genomes/all/GCF/000/403/535/GCF_000403535.1_Theobroma_cacao_20110822/GCF_000403535.1_Theobroma_cacao_20110822_genomic.fna.gz;;{Argout, 2010 #1002}
102;Malvales;Thymelaeaceae;Aquilaria agallocha;http://dx.doi.org/10.1186/1471-2164-15-578;https://www.ncbi.nlm.nih.gov/genome/?term=GCA 000696445.1;https://ftp.ncbi.nlm.nih.gov/genomes/all/GCA/000/696/445/GCA_000696445.1_Aquilaria_agallocha_v1/GCA_000696445.1_Aquilaria_agallocha_v1_genomic.fna.gz;;{Chen, 2014 #299}
103;Sapindales;Rutaceae;Citrus clementina;http://dx.doi.org/10.1038/nbt.2906;https://phytozome.jgi.doe.gov/pz/portal.html#!info?alias=Org_Cclementina;"curl --cookie jgi_session=/api/sessions/71320bf00882655cbeec87f9f2101576 --output download.20220710.165743.zip -d ""{\""ids\"":{\""Phytozome-182\"":[\""53112a4349607a1be00558b4\""]}}"" -H ""Content-Type: application/json"" https://files.jgi.doe.gov/filedownload/";;{Wu, 2014 #504}
104;Sapindales;Rutaceae;Citrus reticulata;http://dx.doi.org/10.1016/j.molp.2018.06.001;http://citrus.hzau.edu.cn/orange/download/index.php;http://citrus.hzau.edu.cn/data/Genome_info/JZ.v1.0/JZ.v1.0.genome.fa;;{Wang, 2018 #493}
105;Sapindales;Rutaceae;Citrus medica;http://dx.doi.org/10.1038/ng.3839;http://citrus.hzau.edu.cn/orange/download/index.php;http://citrus.hzau.edu.cn/data/Genome_info/RL.v1.0/RL.v1.0.genome.fa;;{Wang, 2017 #498}
106;Sapindales;Rutaceae;Citrus sinensis;http://dx.doi.org/10.1038/ng.2472;http://citrus.hzau.edu.cn/orange/download/index.php;http://citrus.hzau.edu.cn/data/Genome_info/SWO.v2.0/SWO.v2.0.genome.fa;;{Xu, 2013 #514}
107;Sapindales;Rutaceae;Citrus ichangensis;http://dx.doi.org/10.1038/ng.3839;http://citrus.hzau.edu.cn/orange/download/index.php;http://citrus.hzau.edu.cn/data/Genome_info/ZGYCC.v1.0/ZGYCC.v1.0.genome.fa;;{Wang, 2017 #498}
108;Sapindales;Rutaceae;Citrus paradisi x P. trifoliata;http://dx.doi.org/10.1186/s12864-016-2779-y;https://www.ncbi.nlm.nih.gov/genome/?term=PRJNA224728;https://ftp.ncbi.nlm.nih.gov/genomes/all/GCA/001/929/425/GCA_001929425.1_WD23_11_assembly_v1/GCA_001929425.1_WD23_11_assembly_v1_genomic.fna.gz;;{Zhang, 2016 #541}
109;Sapindales;Rutaceae;Citrus grandis;http://dx.doi.org/10.1038/ng.3839;http://citrus.hzau.edu.cn/orange/download/index.php;http://citrus.hzau.edu.cn/data/Genome_info/HWB.v1.0/HWB.v1.0.genome.fa;;{Wang, 2017 #498}
110;Sapindales;Rutaceae;Atalantia buxifolia;http://dx.doi.org/10.1038/ng.3839;http://citrus.hzau.edu.cn/orange/download/index.php;http://citrus.hzau.edu.cn/data/Genome_info/HKC.v1.0/HKC.v1.0.genome.fa;;{Wang, 2017 #498}
111;Sapindales;Sapindaceae;Dimocarpus longan;http://dx.doi.org/10.1093/gigascience/gix023;http://gigadb.org/dataset/view/id/100276/File_page/2;https://ftp.cngb.org/pub/gigadb/pub/10.5524/100001_101000/100276/longan.scaffold.fa.gz;;{Lin, 2017 #387}
112;Sapindales;Anacardiaceae;Sclerocarya birrea;https://doi.org/10.1093/gigascience/giy152;http://gigadb.org/dataset/101057;https://ftp.cngb.org/pub/gigadb/pub/10.5524/101001_102000/101057/Sclerocarya_birrea_genome.fa;;{Song, 2018 #892}
113;Myrtales;Lythraceae;Punica granatum;http://dx.doi.org/10.1111/pbi.12875;https://www.ncbi.nlm.nih.gov/genome/?term=PRJNA355913.;https://ftp.ncbi.nlm.nih.gov/genomes/all/GCA/002/201/585/GCA_002201585.1_ASM220158v1/GCA_002201585.1_ASM220158v1_genomic.fna.gz;;{Yuan, 2017 #532}
114;Myrtales;Myrtaceae;Eucalyptus grandis;http://dx.doi.org/10.1038/nature13308;https://phytozome.jgi.doe.gov/pz/portal.html#!info?alias=Org_Egrandis;"curl --cookie jgi_session=/api/sessions/71320bf00882655cbeec87f9f2101576 --output download.20220711.120657.zip -d ""{\""ids\"":{\""Phytozome-297\"":[\""54ad8dde0d8785565d4707d6\""]}}"" -H ""Content-Type: application/json"" https://files.jgi.doe.gov/filedownload/";;{Myburg, 2014 #416}
115;Vitales;Vitaceae;Vitis vinifera;http://dx.doi.org/10.1038/nature06148;https://phytozome.jgi.doe.gov/pz/portal.html#!info?alias=Org_Vvinifera;"curl --cookie jgi_session=/api/sessions/71320bf00882655cbeec87f9f2101576 --output download.20220710.185926.zip -d ""{\""ids\"":{\""Phytozome-457\"":[\""5bfddb7546d1e61e989e78a6\""]}}"" -H ""Content-Type: application/json"" https://files.jgi.doe.gov/filedownload/";;{The French–Italian Public Consortium for Grapevine Genome, 2007 #972}
116;Saxifragales;Crassulaceae;Kalanchoe fedtschenkoi;http://dx.doi.org/10.1038/s41467-017-01491-7;https://www.ncbi.nlm.nih.gov/genome/?term=NQLW00000000;https://ftp.ncbi.nlm.nih.gov/genomes/all/GCA/002/312/845/GCA_002312845.1_K_fedtschenkoi_M2_v1/GCA_002312845.1_K_fedtschenkoi_M2_v1_genomic.fna.gz;;{Yang, 2017 #526}
117;Saxifragales;Crassulaceae;Rhodiola crenulata;http://dx.doi.org/10.1093/gigascience/gix033;http://gigadb.org/dataset/100301;https://ftp.cngb.org/pub/gigadb/pub/10.5524/100001_101000/100301/Rhodiola_crenulata.genome.fa;;{Fu,2017#322}
118;Solanales;Solanaceae;Solanum lycopersicum;http://dx.doi.org/10.1038/nature11119;http://solgenomics.net/organism/Solanum lycopersicum/genome;https://solgenomics.net/ftp/genomes/Solanum_lycopersicum_cerasiforme/LA1673/SLYcer_r1.1.pmol.fasta;;{The Tomato Genome, 2012 #969}
119;Solanales;Solanaceae;Solanum pimpinellifolium;https://doi.org/10.3389/fpls.2018.01402;https://www.ncbi.nlm.nih.gov/genome/?term=PRJNA390234;https://ftp.ncbi.nlm.nih.gov/genomes/all/GCA/003/660/305/GCA_003660305.1_KAUST_Spi-LA0480_1.0/GCA_003660305.1_KAUST_Spi-LA0480_1.0_genomic.fna.gz;;{Razali,2018#886}
120;Solanales;Solanaceae;Solanum pennellii;http://dx.doi.org/10.1038/ng.3046;https://www.ebi.ac.uk/ena/data/view/PRJEB5809&portal=sequence_release;.;;{Bolger,2014#284}
121;Solanales;Solanaceae;Solanum tuberosum;http://dx.doi.org/10.1038/nature10158;https://phytozome.jgi.doe.gov/pz/portal.html#!info?alias=Org_Stuberosum;"curl --cookie jgi_session=/api/sessions/71320bf00882655cbeec87f9f2101576 --output download.20220711.120537.zip -d ""{\""ids\"":{\""Phytozome-448\"":[\""585473e07ded5e78cff8c43f\""]}}"" -H ""Content-Type: application/json"" https://files.jgi.doe.gov/filedownload/";;{The Potato Genome Sequencing, 2011 #546}
122;Solanales;Solanaceae;Solanum chacoense;http://dx.doi.org/10.1111/tpj.13857;https://datadryad.org//resource/doi:10.5061/dryad.kc835;https://datadryad.org/stash/downloads/file_stream/200112;;{Leisner,2018#382}
123;Solanales;Solanaceae;Jaltomata sinuosa;https://doi.org/10.1093/gbe/evy274;https://www.ncbi.nlm.nih.gov/genome/?term=PRJNA474403;https://ftp.ncbi.nlm.nih.gov/genomes/all/GCA/003/996/215/GCA_003996215.1_ASM399621v1/GCA_003996215.1_ASM399621v1_genomic.fna.gz;;{Wu,2019#888}
124;Solanales;Solanaceae;Capsicum annuum;http://dx.doi.org/10.1038/ng.2877;http://peppergenome.snu.ac.kr/download.php;. ;;{Kim, 2014 #376}
125;Solanales;Solanaceae;Nicotiana sylvestris;http://dx.doi.org/10.1186/gb-2013-14-6-r60;https://www.ncbi.nlm.nih.gov/genome/?term=PRJNA182500;https://ftp.ncbi.nlm.nih.gov/genomes/all/GCF/000/393/655/GCF_000393655.1_Nsyl/GCF_000393655.1_Nsyl_genomic.fna.gz;;{Sierro,2013#884}
126;Solanales;Solanaceae;Nicotiana tabacum;http://dx.doi.org/10.1038/ncomms4833;https://www.ncbi.nlm.nih.gov/genome/?term=AYMY00000000;https://ftp.ncbi.nlm.nih.gov/genomes/all/GCF/000/715/135/GCF_000715135.1_Ntab-TN90/GCF_000715135.1_Ntab-TN90_genomic.fna.gz;;{Sierro, 2014 #455}
127;Solanales;Solanaceae;Nicotiana obtusifolia;http://dx.doi.org/10.1073/pnas.1700073114;https://www.ncbi.nlm.nih.gov/genome/?term=PRJNA316794;https://ftp.ncbi.nlm.nih.gov/genomes/all/GCA/002/018/475/GCA_002018475.1_NIOBT.version3/GCA_002018475.1_NIOBT.version3_genomic.fna.gz;;{Xu,2017#515}
128;Solanales;Solanaceae;Nicotiana tomentosiformis;http://dx.doi.org/10.1186/gb-2013-14-6-r60;https://www.ncbi.nlm.nih.gov/genome/?term=PRJNA182501;https://ftp.ncbi.nlm.nih.gov/genomes/all/GCF/000/390/325/GCF_000390325.2_Ntom_v01/GCF_000390325.2_Ntom_v01_genomic.fna.gz;;{Sierro,2013#884}
129;Solanales;Solanaceae;Nicotiana attenuata;http://dx.doi.org/10.1073/pnas.1700073114;https://www.ncbi.nlm.nih.gov/genome/?term=MJEQ00000000;https://ftp.ncbi.nlm.nih.gov/genomes/all/GCF/001/879/085/GCF_001879085.1_NIATTr2/GCF_001879085.1_NIATTr2_genomic.fna.gz;;{Xu,2017#515}
130;Solanales;Solanaceae;Petunia axillaris;http://dx.doi.org/10.1038/nplants.2016.74;ftp://ftp.solgenomics.net/genomes/Petunia_axillaris/;https://solgenomics.net/ftp/genomes/Petunia_axillaris/assembly/Petunia_axillaris_v1.6.2_genome.fasta;;{Bombarely,2016#285}
131;Solanales;Solanaceae;Petunia inflata;http://dx.doi.org/10.1038/nplants.2016.74;ftp://ftp.solgenomics.net/genomes/Petunia_inflata/;https://solgenomics.net/ftp/genomes/Petunia_inflata/assembly/Petunia_inflata_v1.0.1_genome.fasta;;{Bombarely,2016#285}
132;Solanales;Convolvulaceae;Ipomoea nil;http://dx.doi.org/10.1038/ncomms13295;https://www.ncbi.nlm.nih.gov/Traces/wgs/BDFN01?display=contigs;https://sra-download.ncbi.nlm.nih.gov/traces/wgs03/wgs_aux/BD/FN/BDFN01/BDFN01.1.fsa_nt.gz;;{Hoshino,2016#352}
133;Solanales;Convolvulaceae;Ipomoea triloba;http://dx.doi.org/10.1038/s41467-018-06983-8;https://datadryad.org/resource/doi:10.5061/dryad.b9m61cg;https://datadryad.org/stash/downloads/file_stream/12869;v3;{Wu,2018#889}
134;Solanales;Convolvulaceae;Cuscuta australis;http://dx.doi.org/10.1038/s41467-018-04721-8;http://groups.english.kib.cas.cn/epb/dgd/Download/201711/t20171101 386248.html;https://ndownloader.figshare.com/files/23163833;;{Sun, 2018 #465}
135;Solanales;Convolvulaceae;Cuscuta campestris;http://dx.doi.org/10.1038/s41467-018-04344-z;http://plabipd.de/portal/cuscuta-campestris;https://www.plabipd.de/project_cuscuta2/data/cucam_0.32.assembly.dna.fasta.gz;;{Vogel, 2018 #487}
136;Gentianales;Apocynaceae;Rhazya stricta;http://dx.doi.org/10.1038/srep33782;https://www.ncbi.nlm.nih.gov/genome/?term=MEJB00000000;https://ftp.ncbi.nlm.nih.gov/genomes/all/GCA/001/752/375/GCA_001752375.1_RHA1.0/GCA_001752375.1_RHA1.0_genomic.fna.gz;;{Sabir, 2016 #440}
137;Gentianales;Apocynaceae;Catharanthus roseus;http://dx.doi.org/10.1111/tpj.12827;https://datadryad.org/resource/doi:10.5061/dryad.08vv50n;https://datadryad.org/stash/downloads/file_stream/40;v2;{Kellner, 2015 #373}
138;Gentianales;Apocynaceae;Calotropis gigantea;http://dx.doi.org/10.1534/g3.117.300331;https://datadryad.org/resource/doi:10.5061/dryad.fk41r;https://datadryad.org/stash/downloads/file_stream/2081;v2,2;{Hoopes, 2018 #858}
139;Gentianales;Gelsemiaceae;Gelsemium sempervirens;https://doi.org/10.1002/cbic.201800592;https://datadryad.org/resource/doi:10.5061/dryad.08vv50n?show=full;https://datadryad.org/stash/downloads/file_stream/40;v2;{Franke, 2019 #890}
140;Gentianales;Rubiaceae;Coffea canephora;http://dx.doi.org/10.1126/science.1255274;http://coffee-genome.org/download;https://coffee-genome-hub.southgreen.fr/filebrowser/download/13;;{Denoeud, 2014 #313}
141;Scrophulariales;Lamiaceae;Salvia splendens;http://dx.doi.org/10.1093/gigascience/giy068;http://gigadb.org/dataset/view/id/100463/File page/2;https://ftp.cngb.org/pub/gigadb/pub/10.5524/100001_101000/100463/final_genome.fasta;;{Dong,2018#315}
142;Scrophulariales;Lamiaceae;Salvia miltiorrhiza;http://dx.doi.org/10.1186/s13742-015-0104-3;http://gigadb.org/dataset/view/id/100164/File page/2;https://ftp.cngb.org/pub/gigadb/pub/10.5524/100001_101000/100164/ds.scaftig.fa;;{Zhang,2015#535}
143;Scrophulariales;Lamiaceae;Mentha longifolia;http://dx.doi.org/10.1016/j.molp.2016.10.018;https://www.ncbi.nlm.nih.gov/genome/?term=PRJNA310613;https://ftp.ncbi.nlm.nih.gov/genomes/all/GCA/001/642/375/GCA_001642375.2_Mlong_CMEN585_v3/GCA_001642375.2_Mlong_CMEN585_v3_genomic.fna.gz;;{Vining,2017#486}
144;Scrophulariales;Lamiaceae;Tectona grandis;https://doi.org/10.1093/gigascience/giz005;http://gigadb.org/dataset/100550;https://ftp.cngb.org/pub/gigadb/pub/10.5524/100001_101000/100550/teak_tectona_grandis_26Jun2018_7GlFM_fmt_tp.fa;;{Zhao,2019#883}
145;Scrophulariales;Phrymaceae;Erythranthe guttata;https://doi.org/10.1073/pnas.1319032110;https://phytozome.jgi.doe.gov/pz/portal.html#!info?alias=Org_Mguttatus;"curl --cookie jgi_session=/api/sessions/71320bf00882655cbeec87f9f2101576 --output download.20220710.201149.zip -d ""{\""ids\"":{\""Phytozome-256\"":[\""53112a5e49607a1be00558ef\""]}}"" -H ""Content-Type: application/json"" https://files.jgi.doe.gov/filedownload/";;{Hellsten, 2013 #1011}
146;Scrophulariales;Lentibulariaceae;Genlisea aurea;http://dx.doi.org/10.1186/1471-2164-14-476;https://www.ncbi.nlm.nih.gov/genome/?term=PRJNA208769;https://ftp.ncbi.nlm.nih.gov/genomes/all/GCA/000/441/915/GCA_000441915.1_GenAur_1.0/GCA_000441915.1_GenAur_1.0_genomic.fna.gz;;{Leushkin, 2013 #875}
147;Scrophulariales;Lentibulariaceae;Utricularia gibba;http://dx.doi.org/10.1038/nature12132;https://genomevolution.org/CoGe/GenomeInfo.pl?gid=19456;https://genomevolution.org/coge/api/v1/genomes/19456/sequence;;{Ibarra-Laclette,2013#357}
148;Scrophulariales;Pedaliaceae;Sesamum indicum;https://doi.org/10.1186/gb-2014-15-2-r39;https://www.ncbi.nlm.nih.gov/genome/?term=APMJ00000000;https://ftp.ncbi.nlm.nih.gov/genomes/all/GCF/000/512/975/GCF_000512975.1_S_indicum_v1.0/GCF_000512975.1_S_indicum_v1.0_genomic.fna.gz;;{Wang,2014#494}
149;Scrophulariales;Bignoniaceae;Handroanthus impetiginosus;http://dx.doi.org/10.1093/gigascience/gix125;http://gigadb.org/dataset/view/id/100379;https://ftp.cngb.org/pub/gigadb/pub/10.5524/100001_101000/100379/Himpetiginosus.genomic.fasta.gz;;{Da,2018#308}
150;Scrophulariales;Linderniaceae;Lindernia brevidens;https://doi.org/10.1105/tpc.18.00517;https://www.ncbi.nlm.nih.gov/genome/?term=PRJNA489464;https://ftp.ncbi.nlm.nih.gov/genomes/all/GCA/004/919/715/GCA_004919715.1_ASM491971v1/GCA_004919715.1_ASM491971v1_genomic.fna.gz;;{VanBuren,2018#880}
151;Scrophulariales;Gesneriaceae;Boea hygrometrica;http://dx.doi.org/10.1073/pnas.1505811112;https://www.ncbi.nlm.nih.gov/genome/?term=PRJNA182117;https://ftp.ncbi.nlm.nih.gov/genomes/all/GCA/001/598/015/GCA_001598015.1_Boea_hygrometrica.v1/GCA_001598015.1_Boea_hygrometrica.v1_genomic.fna.gz;;{Xiao,2015#511}
152;Scrophulariales;Oleaceae;Olea europaea;http://dx.doi.org/10.1073/pnas.1708621114;https://www.ncbi.nlm.nih.gov/genome/?term=MSRW00000000;https://ftp.ncbi.nlm.nih.gov/genomes/all/GCF/002/742/605/GCF_002742605.1_O_europaea_v1/GCF_002742605.1_O_europaea_v1_genomic.fna.gz;;{Unver,2017#474}
153;Garryales;Eucommiaceae;Eucommia ulmoides;http://dx.doi.org/10.1016/j.molp.2017.11.014;https://www.ncbi.nlm.nih.gov/bioproject/?term=PRJNA357336;https://ftp.ncbi.nlm.nih.gov/genomes/all/GCA/016/647/705/GCA_016647705.1_ASM1664770v1/GCA_016647705.1_ASM1664770v1_genomic.fna.gz;;{Wuyun,2018#508}
154;Asterales;Asteraceae;Chrysanthemum nankingense;https://doi.org/10.1016/j.molp.2018.10.003;http://www.amwayabrc.com/download.htm;http://www.amwayabrc.com/download/Chrysanthemum_genome_scaffolds_v2.0.fasta.tar.gz;;{Song, 2018 #891}
155;Asterales;Asteraceae;Artemisia annua;http://dx.doi.org/10.1016/j.molp.2018.03.015;https://www.ncbi.nlm.nih.gov/genome/?term=PKPP00000000;https://ftp.ncbi.nlm.nih.gov/genomes/all/GCA/003/112/345/GCA_003112345.1_ASM311234v1/GCA_003112345.1_ASM311234v1_genomic.fna.gz;;{Shen, 2018 #450}
156;Asterales;Asteraceae;Conyza canadensis;http://dx.doi.org/10.1104/pp.114.247668;https://www.ncbi.nlm.nih.gov/genome/?term=JSWR00000000.;https://ftp.ncbi.nlm.nih.gov/genomes/all/GCA/000/775/935/GCA_000775935.1_ASM77593v1/GCA_000775935.1_ASM77593v1_genomic.fna.gz;;{Peng, 2014 #424}
157;Asterales;Asteraceae;Erigeron breviscapus;http://dx.doi.org/10.1093/gigascience/gix028;http://gigadb.org/dataset/view/id/100290;https://ftp.cngb.org/pub/gigadb/pub/10.5524/100001_101000/100290/DZH_genome.fasta;;{Yang, 2017 #522}
158;Asterales;Asteraceae;Helianthus annuus;http://dx.doi.org/10.1038/nature22380;https://www.ncbi.nlm.nih.gov/genome/?term=MNCJ00000000.;https://ftp.ncbi.nlm.nih.gov/genomes/all/GCF/002/127/325/GCF_002127325.2_HanXRQr2.0-SUNRISE/GCF_002127325.2_HanXRQr2.0-SUNRISE_genomic.fna.gz;;{Badouin,2017#281}
159;Asterales;Asteraceae;Lactuca sativa;http://dx.doi.org/10.1038/ncomms14953;https://www.ncbi.nlm.nih.gov/bioproject/?term=PRJNA173551;https://ftp.ncbi.nlm.nih.gov/genomes/all/GCF/002/870/075/GCF_002870075.3_Lsat_Salinas_v8/GCF_002870075.3_Lsat_Salinas_v8_genomic.fna.gz;;{Reyeschinwo,2017#438}
160;Asterales;Asteraceae;Taraxacum kok saghyz;http://dx.doi.org/10.1093/nsr/nwx101;http://bigd.big.ac.cn/gwh/Assembly/1/show;https://download.cncb.ac.cn/gwh/Plants/Taraxacum_kok-saghyz_TKS_GWHAAAA00000000/GWHAAAA00000000.genome.fasta.gz;;{Lin, 2018 #386}
161;Asterales;Asteraceae;Cynara cardunculus;http://dx.doi.org/10.1038/srep19427;https://www.ncbi.nlm.nih.gov/genome/?term=PRJNA238069;https://ftp.ncbi.nlm.nih.gov/genomes/all/GCF/001/531/365/GCF_001531365.1_CcrdV1/GCF_001531365.1_CcrdV1_genomic.fna.gz;;{Scaglione, 2016 #856}
162;Apiales;Araliaceae;Panax ginseng;http://dx.doi.org/10.1093/gigascience/gix093;http://ginsengdb.snu.ac.kr/data.php;http://ginsengdb.snu.ac.kr/download.php?filename=ginseng_v1.fasta;;{Kim,2018#374}
163;Apiales;Apiaceae;Daucus carota;http://dx.doi.org/10.1038/ng.3565;https://phytozome.jgi.doe.gov/pz/portal.html#!info?alias=Org_Dcarota;"curl --cookie jgi_session=/api/sessions/71320bf00882655cbeec87f9f2101576 --output download.20220710.204005.zip -d ""{\""ids\"":{\""Phytozome-388\"":[\""5760db1c7ded5e5e7321555e\""]}}"" -H ""Content-Type: application/json"" https://files.jgi.doe.gov/filedownload/";;{Iorizzo, 2016 #358}
164;Ericales;Ericaceae;Vaccinium macrocarpon;http://dx.doi.org/10.1186/1471-2229-14-165;https://www.ncbi.nlm.nih.gov/genome/?term=PRJNA245813;https://ftp.ncbi.nlm.nih.gov/genomes/all/GCA/000/775/335/GCA_000775335.2_ASM77533v2/GCA_000775335.2_ASM77533v2_genomic.fna.gz;;{Polashock,2014#780}
165;Ericales;Ericaceae;Vaccinium corymbosum;http://dx.doi.org/10.1186/s13742-015-0046-9;http://gigadb.org/dataset/view/id/100537;https://ftp.cngb.org/pub/gigadb/pub/10.5524/100001_101000/100537/V_corymbosum_genome_v1.0.fasta;;{Gupta,2015#336}
166;Ericales;Ericaceae;Rhododendron delavayi;http://dx.doi.org/10.1093/gigascience/gix076;http://gigadb.org/dataset/100331;https://ftp.cngb.org/pub/gigadb/pub/10.5524/100001_101000/100331/Gene/Rhododendron_delavayi.cds.fa;;{Yan,2017#874}
167;Ericales;Primulaceae;Primula veris;http://dx.doi.org/10.1186/s13059-014-0567-z;https://www.ncbi.nlm.nih.gov/genome/?term=PRJNA238546;https://ftp.ncbi.nlm.nih.gov/genomes/all/GCA/000/788/445/GCA_000788445.1_ASM78844v1/GCA_000788445.1_ASM78844v1_genomic.fna.gz;;{Nowak,2015#420}
168;Ericales;Primulaceae;Primula vulgaris;http://dx.doi.org/10.1038/s41598-018-36304-4;https://opendata.earlham.ac.uk/opendata/data/primula/sci_reports_Cocker_et_al_2018/;https://opendata.earlham.ac.uk/opendata/data/primula/sci_reports_Cocker_et_al_2018/pvulgaris_LH_v2.fa;;{Cocker,2018#873}
169;Cornales;Cornaceae;Camptotheca acuminata;http://dx.doi.org/10.1093/gigascience/gix065;https://datadryad.org/resource/doi:10.5061/dryad.nc8qr;https://datadryad.org/stash/downloads/file_stream/1434;v2,4;{Zhao,2017#542}
170;Caryophyllales;Amaranthaceae;Spinacia oleracea;http://dx.doi.org/10.1038/ncomms15275;http://www.spinachbase.org/?q=download;http://spinachbase.org/ftp/genome/Sp75/Sp75_genome_v1.fa.gz;;{Xu, 2017 #513}
171;Caryophyllales;Amaranthaceae;Chenopodium quinoa;http://dx.doi.org/10.1038/nature21370;https://phytozome.jgi.doe.gov/pz/portal.html#!info?alias=Org_Cquinoa_er;"curl --cookie jgi_session=/api/sessions/71320bf00882655cbeec87f9f2101576 --output download.20220710.211307.zip -d ""{\""ids\"":{\""Phytozome-392\"":[\""57bcd2967ded5e0c8712b08a\""]}}"" -H ""Content-Type: application/json"" https://files.jgi.doe.gov/filedownload/";;{Jarvis, 2017 #966}
172;Caryophyllales;Amaranthaceae;Beta vulgaris;http://dx.doi.org/10.1038/nature12817;http://bvseq.molgen.mpg.de/Genome/Download/RefBeet-1.2/;https://bvseq.boku.ac.at/Genome/Download/RefBeet-1.2/RefBeet-1.2.fna.gz;;{Dohm, 2014 #314}
173;Caryophyllales;Amaranthaceae;Amaranthus hypochondriacus;http://dx.doi.org/10.3835/plantgenome2015.07.0062;https://genomevolution.org/coge/SearchResults.pl?s=25775&p=genome;https://genomevolution.org/coge/api/v1/genomes/25775/sequence;;{Clouse,2016#303}
174;Caryophyllales;Cactaceae;Carnegiea gigantea;http://dx.doi.org/10.1073/pnas.1706367114;https://www.ncbi.nlm.nih.gov/genome/?term=Carnegiea%20gigantea;https://ftp.ncbi.nlm.nih.gov/genomes/all/GCA/002/740/515/GCA_002740515.1_SGP5_Cgig_v1.3/GCA_002740515.1_SGP5_Cgig_v1.3_genomic.fna.gz;;{Copetti,2017#306}
175;Caryophyllales;Polygonaceae;Fagopyrum tataricum;http://dx.doi.org/10.1016/j.molp.2017.08.013;http://www.mbkbase.org/Pinku1/;http://www.mbkbase.org/Pinku1/FtChromosomeV2.fasta.gz;;{Zhang,2017#538}
176;Caryophyllales;Droseraceae;Drosera capensis;http://dx.doi.org/10.1002/prot.25095;https://www.ncbi.nlm.nih.gov/genome/?term=PRJNA291419;https://ftp.ncbi.nlm.nih.gov/genomes/all/GCA/001/925/005/GCA_001925005.1_ASM192500v1/GCA_001925005.1_ASM192500v1_genomic.fna.gz;;{Butts,2016#288}
177;Santalales;Ximeniaceae;Malania oleifera;https://doi.org/10.1093/gigascience/giy164;http://gigadb.org/dataset/100549;https://ftp.cngb.org/pub/gigadb/pub/10.5524/100001_101000/100549/genome.fa;;{Xu, 2019 #1031}
178;Santalales;Santalaceae;Santalum album;http://dx.doi.org/10.1104/pp.17.01764;https://www.ncbi.nlm.nih.gov/genome/?term=Santalum%20album;https://ftp.ncbi.nlm.nih.gov/genomes/all/GCA/002/911/635/GCA_002911635.1_ASM291163v1/GCA_002911635.1_ASM291163v1_genomic.fna.gz;;{Mahesh,2018#401}
179;Ranunculales;Papaveraceae;Macleaya cordata;http://dx.doi.org/10.1016/j.molp.2017.05.007;https://www.ncbi.nlm.nih.gov/genome/?term=MVGT00000000;https://ftp.ncbi.nlm.nih.gov/genomes/all/GCA/002/174/775/GCA_002174775.1_MC_HNAU_1.0/GCA_002174775.1_MC_HNAU_1.0_genomic.fna.gz;;{Liu,2017#393}
180;Ranunculales;Papaveraceae;Papaver somniferum;http://dx.doi.org/10.1126/science.aat4096;https://www.ncbi.nlm.nih.gov/genome/?term=Papaver%20somniferum;https://ftp.ncbi.nlm.nih.gov/genomes/all/GCF/003/573/695/GCF_003573695.1_ASM357369v1/GCF_003573695.1_ASM357369v1_genomic.fna.gz;;{Guo,2018#872}
181;Ranunculales;Papaveraceae;Eschscholzia californica;http://dx.doi.org/10.1093/pcp/pcx210;https://www.ncbi.nlm.nih.gov/genome/?term=Eschscholzia%20californica;https://ftp.ncbi.nlm.nih.gov/genomes/all/GCA/002/897/215/GCA_002897215.1_ECA_r1.0/GCA_002897215.1_ECA_r1.0_genomic.fna.gz;;{Hori,2018#351}
182;Ranunculales;Ranunculaceae;Aquilegia coerulea;https://doi.org/10.7554/eLife.36426.001;https://genome.jgi.doe.gov/portal/pages/dynamicOrganismDownload.jsf?organism=Acoerulea;https://genome.jgi.doe.gov/portal/pages/dynamicOrganismDownload.jsf?organism=Acoerulea#;V3,1;{Filiault,2018#871}
183;Poales;Poaceae;Oryza barthii;http://dx.doi.org/10.1038/s41588-018-0040-0;https://www.ncbi.nlm.nih.gov/genome/?term=PRJNA30379;https://ftp.ncbi.nlm.nih.gov/genomes/all/GCA/000/182/155/GCA_000182155.4_ObarRS3/GCA_000182155.4_ObarRS3_genomic.fna.gz;GCA_000182155.4;{Stein, 2018 #950}
184;Poales;Poaceae;Oryza glaberrima;http://dx.doi.org/10.1038/ng.3044;http://ensembl.gramene.org/Oryza glaberrima/Info/Index;ftp://ftp.gramene.org/pub/gramene/release-65/fasta/_collection/oryza_glaberrima/dna/;V1;{Wang, 2014 #495}
185;Poales;Poaceae;Oryza rufipogon;http://dx.doi.org/10.1038/s41588-018-0040-0;https://www.ncbi.nlm.nih.gov/genome/?term=PRJEB4137;https://ftp.ncbi.nlm.nih.gov/genomes/all/GCA/000/817/225/GCA_000817225.2_ASM81722v2/GCA_000817225.2_ASM81722v2_genomic.fna.gz;GCA_000817225.2;{Stein, 2018 #950}
186;Poales;Poaceae;Oryza sativa;https://doi.org/10.1016/j.molp.2018.11.005;https://www.ncbi.nlm.nih.gov/search/all/?term=PKRX00000000;https://ftp.ncbi.nlm.nih.gov/genomes/all/GCA/003/865/215/GCA_003865215.1_ASM386521v1/GCA_003865215.1_ASM386521v1_genomic.fna.gz;GCA_003865215.1;{Zhang, 2018 #63}
187;Poales;Poaceae;Oryza punctata;http://dx.doi.org/10.1038/s41588-018-0040-0;https://www.ncbi.nlm.nih.gov/genome/?term=PRJNA13770;https://ftp.ncbi.nlm.nih.gov/genomes/all/GCA/000/573/905/GCA_000573905.2_OpunRS2/GCA_000573905.2_OpunRS2_genomic.fna.gz;GCA_000573905.2;{Stein, 2018 #950}
188;Poales;Poaceae;Oryza sativa ssp. Indica;http://dx.doi.org/10.1126/science.1068037;http://www.mbkbase.org/R498/;http://mbkbase.org/R498/R498_Chr.fasta.gz;V3;{Yu, 2002 #949}
189;Poales;Poaceae;Oryza nivara;http://dx.doi.org/10.1038/s41588-018-0040-0;https://www.ncbi.nlm.nih.gov/genome/?term=PRJNA48107;https://ftp.ncbi.nlm.nih.gov/genomes/all/GCA/000/576/065/GCA_000576065.2_OnivRS2/GCA_000576065.2_OnivRS2_genomic.fna.gz;GCA_000576065.2;{Stein, 2018 #950}
190;Poales;Poaceae;Oryza granulata;http://dx.doi.org/10.1038/s42003-018-0089-4;ftp://download.big.ac.cn/gwh/Plants/Oryza_granulata_Oryza_granulata,_whole_genome_sequencing_GWHAAEL00000000/;https://download.cncb.ac.cn/gwh/Plants/Oryza_granulata_Oryza_granulata,_whole_genome_sequencing_GWHAAEL00000000/GWHAAEL00000000.genome.fasta.gz;GWHAAEL00000000;{Wu, 2018 #951}
191;Poales;Poaceae;Oryza meridionalis;http://dx.doi.org/10.1038/s41588-018-0040-0;https://www.ncbi.nlm.nih.gov/genome/?term=PRJNA48433;https://ftp.ncbi.nlm.nih.gov/genomes/all/GCA/000/338/895/GCA_000338895.3_OmerRS3/GCA_000338895.3_OmerRS3_genomic.fna.gz;GCA_000338895.3;{Stein, 2018 #950}
192;Poales;Poaceae;Oryza glumaepatula;http://dx.doi.org/10.1038/s41588-018-0040-0;https://www.ncbi.nlm.nih.gov/genome/?term=PRJNA48429;https://ftp.ncbi.nlm.nih.gov/genomes/all/GCA/000/576/495/GCA_000576495.2_OgluRS3/GCA_000576495.2_OgluRS3_genomic.fna.gz;GCA_000576495.2;{Stein, 2018 #950}
193;Poales;Poaceae;Oryza brachyantha;http://dx.doi.org/10.1038/ncomms2596;http://plants.ensembl.org/Oryza brachyantha/Info/Index;http://ftp.ensemblgenomes.org/pub/plants/release-54/fasta/oryza_brachyantha/dna/;v1,4b;{Chen,2013#861}
194;Poales;Poaceae;Leersia perrieri;http://dx.doi.org/10.1038/s41588-018-0040-0;https://www.ncbi.nlm.nih.gov/genome/?term=PRJNA163065;https://ftp.ncbi.nlm.nih.gov/genomes/all/GCA/000/325/765/GCA_000325765.3_Lperr_V1.4/GCA_000325765.3_Lperr_V1.4_genomic.fna.gz;GCA_000325765.3;{Stein, 2018 #950}
195;Poales;Poaceae;Zizania latifolia;http://dx.doi.org/10.1111/tpj.12912;https://www.ncbi.nlm.nih.gov/genome/?term=ASSH00000000;https://ftp.ncbi.nlm.nih.gov/genomes/all/GCA/000/418/225/GCA_000418225.1_Zizania_latifolia_v01/GCA_000418225.1_Zizania_latifolia_v01_genomic.fna.gz;GCA_000418225.1;{Guo,2015#331}
196;Poales;Poaceae;Triticum turgidum;http://dx.doi.org/10.1126/science.aan0032;https://www.ncbi.nlm.nih.gov/genome/?term=LSYQ00000000;https://ftp.ncbi.nlm.nih.gov/genomes/all/GCF/002/162/155/GCF_002162155.2_WEW_v2.1/GCF_002162155.2_WEW_v2.1_genomic.fna.gz;GCF_002162155.2;{Avni,2017#280}
197;Poales;Poaceae;Triticum aestivum;https://science.sciencemag.org/content/361/6403/eaar7191;http://plants.ensembl.org/Triticum aestivum/Info/Index;http://ftp.ensemblgenomes.org/pub/plants/release-54/fasta/triticum_aestivum/dna/; IWGSC;{Appels, 2018 #1033}
198;Poales;Poaceae;Triticum urartu;http://dx.doi.org/10.1038/s41586-018-0108-0;https://www.ncbi.nlm.nih.gov/genome/?term=PRJNA337888;https://ftp.ncbi.nlm.nih.gov/genomes/all/GCF/003/073/215/GCF_003073215.2_Tu2.1/GCF_003073215.2_Tu2.1_genomic.fna.gz;GCF_003073215.2;{Ling, 2018 #954}
199;Poales;Poaceae;Aegilops tauschii;http://dx.doi.org/10.1038/s41477-017-0067-8;https://www.ncbi.nlm.nih.gov/genome/?term=AOCO00000000;https://ftp.ncbi.nlm.nih.gov/genomes/all/GCF/001/957/025/GCF_001957025.1_Aet_MR_1.0/GCF_001957025.1_Aet_MR_1.0_genomic.fna.gz;GCF_001957025.1;{Zhao, 2017 #543}
200;Poales;Poaceae;Secale cereale;http://dx.doi.org/10.1111/tpj.13436;https://www.ncbi.nlm.nih.gov/genome/?term=PRJEB6214;https://ftp.ncbi.nlm.nih.gov/genomes/all/GCA/900/079/665/GCA_900079665.1_Rye_Lo7_WGS_contigs/GCA_900079665.1_Rye_Lo7_WGS_contigs_genomic.fna.gz;GCA_900079665.1;{Bauer, 2017 #283}
201;Poales;Poaceae;Hordeum vulgare;http://dx.doi.org/10.1038/nature11543;ftp://ftp.ensemblgenomes.org/pub/plants/release-35/;http://ftp.ensemblgenomes.org/pub/plants/release-35/fasta/hordeum_vulgare/dna/Hordeum_vulgare.ASM32608v1.dna.toplevel.fa.gz;ASM32608v1;{Mayer, 2012 #548}
202;Poales;Poaceae;Brachypodium distachyon;http://dx.doi.org/10.1038/nature08747;https://phytozome.jgi.doe.gov/pz/portal.html#!info?alias=Org_Bdistachyon;"curl --cookie jgi_session=/api/sessions/6ad5cce9797b172fe6d952916c51377a --output download.20220716.244317.zip -d ""{\""ids\"":{\""Phytozome-314\"":[\""55fb8fe90d8785306f968882\""]}}"" -H ""Content-Type: application/json"" https://files.jgi.doe.gov/filedownload/";V3,1;{Vogel, 2010 #488}
203;Poales;Poaceae;Saccharum spontaneum;http://dx.doi.org/10.1038/s41588-018-0237-2;https://www.ncbi.nlm.nih.gov/genome/?term=QVOL00000000;https://ftp.ncbi.nlm.nih.gov/genomes/all/GCA/003/544/955/GCA_003544955.1_Sspon.HiC_chr_asm/GCA_003544955.1_Sspon.HiC_chr_asm_genomic.fna.gz;GCA_003544955.1;{Zhang,2018#862}
204;Poales;Poaceae;Saccharum spp. R570;http://dx.doi.org/10.1038/s41467-018-05051-5;http://sugarcane-genome.cirad.fr;https://sugarcane-genome.cirad.fr/sites/default/files/download/single_tiling_path_assembly.fna.gz;Single Tiling Path;{Garsmeur,2018#860}
205;Poales;Poaceae;Sorghum bicolor;http://dx.doi.org/10.1038/s41467-018-07271-1;https://phytozome.jgi.doe.gov/pz/portal.html#!info?alias=Org Sbicolor;"curl --cookie jgi_session=/api/sessions/6ad5cce9797b172fe6d952916c51377a --output download.20220716.245007.zip -d ""{\""ids\"":{\""Phytozome-454\"":[\""592f5bc57ded5e4e5bbb8e9d\""]}}"" -H ""Content-Type: application/json"" https://files.jgi.doe.gov/filedownload/";v3,1,1;{Deschamps,2018#859}
206;Poales;Poaceae;Zea mays;http://dx.doi.org/10.1126/science.1178534;ftp://ftp.ensemblgenomes.org/pub/plants/release-36/;http://ftp.ensemblgenomes.org/pub/plants/release-36/fasta/zea_mays/dna/Zea_mays.AGPv4.dna.toplevel.fa.gz;Zea_mays.AGPv4.dna.toplevel;{Schnable, 2009 #449}
207;Poales;Poaceae;Dichanthelium oligosanthes;http://dx.doi.org/10.1186/s13059-016-1080-3;https://www.ncbi.nlm.nih.gov/genome/?term=LWDX00000000;https://ftp.ncbi.nlm.nih.gov/genomes/all/GCA/001/633/215/GCA_001633215.2_ASM163321v2/GCA_001633215.2_ASM163321v2_genomic.fna.gz;GCA_001633215.2;{Studer, 2016 #463}
208;Poales;Poaceae;Echinochloa crus galli;http://dx.doi.org/10.1038/s41467-017-01067-5;http://ibi.zju.edu.cn/RiceWeedomes/Echinochloa/;http://ibi.zju.edu.cn/RiceWeedomes/Echinochloa/download/EC.fasta.gz;V2,0;{Guo, 2017 #332}
209;Poales;Poaceae;Setaria italica;http://dx.doi.org/10.1038/nbt.2195;https://phytozome.jgi.doe.gov/pz/portal.html#!bulk?org=Org_Sitalica;"curl --cookie jgi_session=/api/sessions/6ad5cce9797b172fe6d952916c51377a --output download.20220716.245609.zip -d ""{\""ids\"":{\""Phytozome-312\"":[\""55fb8fe30d8785306f968836\""]}}"" -H ""Content-Type: application/json"" https://files.jgi.doe.gov/filedownload/";v2,2;{Zhang,2012#534}
210;Poales;Poaceae;Cenchrus americanus;http://dx.doi.org/10.1038/nbt.3943;https://www.ncbi.nlm.nih.gov/genome/?term=PRJNA294988;https://ftp.ncbi.nlm.nih.gov/genomes/all/GCA/002/174/835/GCA_002174835.2_ASM217483v2/GCA_002174835.2_ASM217483v2_genomic.fna.gz;GCA_002174835.2;{Varshney,2017#480}
211;Poales;Poaceae;Zoysia matrella;http://dx.doi.org/10.1093/dnares/dsw006;ftp://ftp.kazusa.or.jp/pub/zoysia/;https://docs.google.com/uc?export=download&id=1-W6NwUVBytbEylHjzn0Gj64v15rveKiU;r1,0;{Hidenori,2016#344}
212;Poales;Poaceae;Zoysia japonica;http://dx.doi.org/10.1093/dnares/dsw006;ftp://ftp.kazusa.or.jp/pub/zoysia/;https://docs.google.com/uc?export=download&id=1-W6NwUVBytbEylHjzn0Gj64v15rveKiU;r1,1;{Hidenori,2016#344}
213;Poales;Poaceae;Zoysia pacifica;http://dx.doi.org/10.1093/dnares/dsw006;ftp://ftp.kazusa.or.jp/pub/zoysia/;https://docs.google.com/uc?export=download&id=1-W6NwUVBytbEylHjzn0Gj64v15rveKiU;r1,0;{Hidenori,2016#344}
214;Poales;Poaceae;Oropetium thomaeum;http://dx.doi.org/10.1038/nature15714;https://phytozome.jgi.doe.gov/pz/portal.html#!info?alias=Org_Othomaeum;"curl --cookie jgi_session=/api/sessions/6ad5cce9797b172fe6d952916c51377a --output download.20220716.011100.zip -d ""{\""ids\"":{\""Phytozome-386\"":[\""575b4bd47ded5e3df1ee6bfa\""]}}"" -H ""Content-Type: application/json"" https://files.jgi.doe.gov/filedownload/";v1,0;{VanBuren, 2015 #955}
215;Poales;Poaceae;Eleusine coracana;http://dx.doi.org/10.1186/s12864-017-3850-z;https://www.ncbi.nlm.nih.gov/genome/?term=LXGH00000000;https://ftp.ncbi.nlm.nih.gov/genomes/all/GCA/002/180/455/GCA_002180455.1_ASM218045v1/GCA_002180455.1_ASM218045v1_genomic.fna.gz;GCA_002180455.1;{Hittalmani, 2017 #349}
216;Poales;Poaceae;Eragrostis tef;http://dx.doi.org/10.1186/1471-2164-15-581;https://genomevolution.org/CoGe/GenomeInfo.pl?gid=22790;https://genomevolution.org/coge/api/v1/genomes/22790/sequence;v1,1,2;{Cannarozzi,2014#292}
217;Poales;Bromeliaceae;Ananas comosus;http://dx.doi.org/10.1038/ng.3435;https://phytozome.jgi.doe.gov/pz/portal.html#!info?alias=Org_Acomosus;"curl --cookie jgi_session=/api/sessions/6ad5cce9797b172fe6d952916c51377a --output download.20220716.013647.zip -d ""{\""ids\"":{\""Phytozome-321\"":[\""564bd7330d878531d71e63b5\""]}}"" -H ""Content-Type: application/json"" https://files.jgi.doe.gov/filedownload/";v3;{Ming,2015#409}
218;Arecales;Arecaceae;Cocos nucifera;http://dx.doi.org/10.1093/gigascience/gix095;http://gigadb.org/dataset/100347;https://ftp.cngb.org/pub/gigadb/pub/10.5524/100001_101000/100347/CoConut.cds.fa.gz;100347;{Xiao, 2017 #512}
219;Arecales;Arecaceae;Elaeis guineensis;http://dx.doi.org/10.1038/nature12309;https://www.ncbi.nlm.nih.gov/genome/2669;https://ftp.ncbi.nlm.nih.gov/genomes/all/GCF/000/442/705/GCF_000442705.1_EG5/GCF_000442705.1_EG5_genomic.fna.gz;GCF_000442705.1;{Singh, 2013 #456}
220;Arecales;Arecaceae;Phoenix dactylifera;http://dx.doi.org/10.1038/nbt.1860;https://www.ncbi.nlm.nih.gov/genome/?term=PRJNA83433;https://ftp.ncbi.nlm.nih.gov/genomes/all/GCF/000/413/155/GCF_000413155.1_DPV01/GCF_000413155.1_DPV01_genomic.fna.gz;GCF_000413155.1;{Al-Mssallem,2013#277}
221;Arecales;Arecaceae;Daemonorops jenkinsiana;http://dx.doi.org/10.1093/gigascience/giy097;http://gigadb.org/dataset/view/id/101053;https://ftp.cngb.org/pub/gigadb/pub/10.5524/101001_102000/101053/final_assembly_fasta/D.jenkinsiana.genome.WGS.fa.gz;101053;{Zhao,2018#867}
222;Arecales;Arecaceae;Calamus simplicifolius;http://dx.doi.org/10.1126/science.aat1743;http://gigadb.org/dataset/101052;https://ftp.cngb.org/pub/gigadb/pub/10.5524/101001_102000/101052/final_assembly_fasta/C.simplicifolius.WGS.fasta.gz;101052;{Griesmann, 2018 #330}
223;Zingiberales;Musaceae;Musa itinerans;http://dx.doi.org/10.1038/srep31586;ftp://ftp.ncbi.nlm.nih.gov/genomes/all/GCA/001/649/415/GCA 001649415.1 ASM164941v1/GCA 001649415.1 ASM164941v1_genomic.fna.gz;http://ftp.ncbi.nlm.nih.gov/genomes/all/GCA/001/649/415/GCA_001649415.1_ASM164941v1/GCA_001649415.1_ASM164941v1_genomic.fna.gz;GCA 001649415.1;{Wei,2016#502}
224;Zingiberales;Musaceae;Musa balbisiana;http://dx.doi.org/10.1186/1471-2164-14-683;https://banana-genome-hub.southgreen.fr/download;https://banana-genome-hub.southgreen.fr/filebrowser/download/713;Wed, 11/17/2021 - 10:30;{Davey,2013#312}
225;Zingiberales;Musaceae;Musa schizocarpa;http://dx.doi.org/10.1038/s41477-018-0289-4;http://www.genoscope.cns.fr/externe/plants/chromosomes.html;https://www.genoscope.cns.fr/externe/plants/data/Mschizocarpa_chromosomes.fasta;;{Belser,2018#868}
226;Asparagales;Orchidaceae;Phalaenopsis aphrodite;http://dx.doi.org/10.1111/pbi.12936;https://www.ncbi.nlm.nih.gov/genome/?term=PRJNA383284;https://ftp.ncbi.nlm.nih.gov/genomes/all/GCA/003/013/225/GCA_003013225.1_ASM301322v1/GCA_003013225.1_ASM301322v1_genomic.fna.gz;GCA_003013225.1;{Belser,2018#868}
227;Asparagales;Orchidaceae;Dendrobium catenatum;http://dx.doi.org/10.1038/srep19029;ftp://ftp.ncbi.nlm.nih.gov/genomes/all/GCF/001/605/985/GCF 001605985.1_ASM160598v1/GCF_001605985.1_ASM160598v1_genomic.fna.gz;http://ftp.ncbi.nlm.nih.gov/genomes/all/GCF/001/605/985/GCF 001605985.1_ASM160598v1/GCF_001605985.1_ASM160598v1_genomic.fna.gz;GCF 001605985.1;{Zhang,2016#537}
228;Asparagales;Orchidaceae;Apostasia shenzhenica;http://dx.doi.org/10.1038/nature23897;https://www.ncbi.nlm.nih.gov/genome/?term=PRJNA310678;https://ftp.ncbi.nlm.nih.gov/genomes/all/GCA/002/786/265/GCA_002786265.1_ASM278626v1/GCA_002786265.1_ASM278626v1_genomic.fna.gz;GCA_002786265.1;{Zhang,2017#536}
229;Asparagales;Orchidaceae;Gastrodia elata;http://dx.doi.org/10.1038/s41467-018-03423-5;https://www.ncbi.nlm.nih.gov/genome/?term=PVEL00000000;https://ftp.ncbi.nlm.nih.gov/genomes/all/GCA/002/966/915/GCA_002966915.1_ASM296691v1/GCA_002966915.1_ASM296691v1_genomic.fna.gz;GCA_002966915.1;{Yuan,2018#531}
230;Asparagales;Asparagaceae;Asparagus officinalis;http://dx.doi.org/10.1038/s41467-017-01064-8;https://www.ncbi.nlm.nih.gov/genome/?term=PRJNA317340;https://ftp.ncbi.nlm.nih.gov/genomes/all/GCF/001/876/935/GCF_001876935.1_Aspof.V1/GCF_001876935.1_Aspof.V1_genomic.fna.gz;GCF_001876935.1;{Harkess,2017#338}
231;Dioscoreales;Dioscoreaceae;Dioscorea rotundata;http://dx.doi.org/10.1186/s12915-017-0419-x;https://www.ncbi.nlm.nih.gov/genome/?term=PRJDB3383;https://ftp.ncbi.nlm.nih.gov/genomes/all/GCA/002/240/015/GCA_002240015.2_TDr96_F1_Pseudo_Chromosome_v1.0/GCA_002240015.2_TDr96_F1_Pseudo_Chromosome_v1.0_genomic.fna.gz;GCA_002240015.2;{Tamiru,2017#469}
232;Liliales;Velloziaceae;Xerophyta viscosa;http://dx.doi.org/10.1038/nplants.2017.38;https://www.ncbi.nlm.nih.gov/genome/?term=PRJNA291133;https://ftp.ncbi.nlm.nih.gov/genomes/all/GCA/002/076/135/GCA_002076135.1_ASM207613v1/GCA_002076135.1_ASM207613v1_genomic.fna.gz;GCA_002076135.1;{Costa,2017#870}
233;Alismatales;Zosteraceae;Zostera marina;http://dx.doi.org/10.1038/nature16548;https://phytozome.jgi.doe.gov/pz/portal.html#!info?alias=Org_Zmarina;"curl --cookie jgi_session=/api/sessions/6ad5cce9797b172fe6d952916c51377a --output download.20220716.020549.zip -d ""{\""ids\"":{\""Phytozome-324\"":[\""5693355d0d87851ee9726abd\""]}}"" -H ""Content-Type: application/json"" https://files.jgi.doe.gov/filedownload/";v2,2;{Olsen, 2016 #961}
234;Alismatales;Zosteraceae;Zostera muelleri;http://dx.doi.org/10.1104/pp.16.00868;http://appliedbioinformatics.com.au/index.php/Seagrass_Zmu_Genome;https://research-repository.uwa.edu.au/files/26620905/zmuelleri_data.tar;;{Lee, 2016 #381}
235;Alismatales;Araceae;Spirodela polyrhiza;http://dx.doi.org/10.1038/ncomms4311;https://phytozome.jgi.doe.gov/pz/portal.html#!info?alias=Org_Spolyrhiza;"curl --cookie jgi_session=/api/sessions/6ad5cce9797b172fe6d952916c51377a --output download.20220716.020935.zip -d ""{\""ids\"":{\""Phytozome-290\"":[\""539f7edf0d878514c2d0e10c\""]}}"" -H ""Content-Type: application/json"" https://files.jgi.doe.gov/filedownload/";v2;{Wang, 2014 #497}
236;Laurales;Lauraceae;Cinnamomum kanehirae;http://dx.doi.org/10.1038/s41477-018-0337-0;https://www.ncbi.nlm.nih.gov/genome/?term=GCA_003546025.1;https://ftp.ncbi.nlm.nih.gov/genomes/all/GCA/003/546/025/GCA_003546025.1_ASBRC_Ckan_1.0/GCA_003546025.1_ASBRC_Ckan_1.0_genomic.fna.gz;GCA_003546025.1;{Chaw, 2019 #960}
237;Magnoliales;Magnoliaceae;Liriodendron chinense;http://dx.doi.org/10.1038/s41477-018-0323-6;https://www.ncbi.nlm.nih.gov/genome/?term=PRJNA418360;https://ftp.ncbi.nlm.nih.gov/genomes/all/GCA/003/013/855/GCA_003013855.2_NJFU_Lchi_2.0/GCA_003013855.2_NJFU_Lchi_2.0_genomic.fna.gz;;{Chen, 2019 #958}
238;Amborellales;Amborellaceae;Amborella trichopoda;http://dx.doi.org/10.1126/science.1241089;https://phytozome.jgi.doe.gov/pz/portal.html#!info?alias=Org_Atrichopoda;"curl --cookie jgi_session=/api/sessions/a1632f982cae55aaddb0a6be2ac38ecd --output download.20220724.185353.zip -d ""{\""ids\"":{\""Phytozome-291\"":[\""539f7eda0d878514c2d0e0fe\""]}}"" -H ""Content-Type: application/json"" https://files.jgi.doe.gov/filedownload/";v1,0;{Project, 2013 #429}
239;Pinales;Pinaceae;Picea glauca;https://doi.org/10.1093/bioinformatics/btt178;https://treegenesdb.org/FTP/Genomes/Pagl/v1.0/genome/;https://treegenesdb.org/FTP/Genomes/Pagl/v1.0/genome/Pagl.1_0.fa.gz;v1,0;{Birol, 2013 #1018}
240;Pinales;Pinaceae;Picea abies;https://doi.org/10.1038/nature12211;https://treegenesdb.org/FTP/Genomes/Paab/v1.0b/genome/;https://treegenesdb.org/FTP/Genomes/Paab/v1.0b/genome/Paab.1_0b.fa.gz;v1,0b;{Nystedt, 2013 #1019}
241;Pinales;Pinaceae;Pinus lambertiana;https://doi.org/10.1534/genetics.116.193227;https://treegenesdb.org/FTP/Genomes/Pila/v1.0/genome/;https://treegenesdb.org/FTP/Genomes/Pila/v1.0/genome/Pila.1_0.fa.gz;v1,0;{Stevens, 2016 #1017}
242;Pinales;Pinaceae;Pinus taeda;https://doi.org/10.1093/gigascience/giw016;https://treegenesdb.org/FTP/Genomes/Pita/v2.0/genome/;https://treegenesdb.org/FTP/Genomes/Pita/v2.0/genome/Pita.2_0.fa;v2,0;{Zimin, 2017 #1023}
243;Pinales;Pinaceae;Pseudotsuga menziesii;https://doi.org/10.1534/g3.117.300078;https://treegenesdb.org/FTP/Genomes/Psme/v1.0/genome/;https://treegenesdb.org/FTP/Genomes/Psme/v1.0/genome/Psme.1_0.fa.gz;v1,0;{Neale, 2017 #1020}
244;Pinales;Pinaceae;Abies alba;https://www.g3journal.org/content/9/7/2039;https://treegenesdb.org/FTP/Genomes/Abal/v1.1/genome/;https://treegenesdb.org/FTP/Genomes/Abal/v1.1/genome/Abal.1_1.fa.gz;v1,1;{Mosca, 2019 #1028}
245;Pinales;Pinaceae;Larix sibirica;https://bmcbioinformatics.biomedcentral.com/articles/10.1186/s12859-018-2570-y;https://www.ncbi.nlm.nih.gov/genome/?term=PRJNA393226;https://ftp.ncbi.nlm.nih.gov/genomes/all/GCA/004/151/065/GCA_004151065.1_LarixSibirica0.1/GCA_004151065.1_LarixSibirica0.1_genomic.fna.gz;GCA_004151065.1;{Kuzmin, 2019 #1029}
246;Pinales;Cupressaceae;Sequoiadendron giganteum;https://www.biorxiv.org/content/10.1101/2020.03.17.995944v1;https://www.ncbi.nlm.nih.gov/genome/?term=GCA_007115665.2;https://ftp.ncbi.nlm.nih.gov/genomes/all/GCA/007/115/665/GCA_007115665.2_SEGI.2.0/GCA_007115665.2_SEGI.2.0_genomic.fna.gz;GCA_007115665.2;{Scott, 2020 #1027}
247;Ginkgoales;Ginkgoaceae;Ginkgo biloba;https://doi.org/10.1186/s13742-016-0154-1;https://treegenesdb.org/FTP/Genomes/Gibi/v1.0/genome/;https://treegenesdb.org/FTP/Genomes/Gibi/v1.0/genome/Gibi.1_0.fa.gz;v1,0;{Guan, 2016 #1021}
248;Gnetales;Gnetaceae;Gnetum montanum;https://doi.org/10.1038/s41477-017-0097-2;https://treegenesdb.org/FTP/Genomes/Gnmo/v1.0/genome/;https://treegenesdb.org/FTP/Genomes/Gnmo/v1.0/genome/Gnmo.1_0.fa.gz;v1,0;{Wan, 2018 #1016}
249;Selaginellales;Selaginellaceae;Selaginella moellendorffii;http://dx.doi.org/10.1126/science.1203810;https://phytozome.jgi.doe.gov/pz/portal.html#!info?alias=Org_Smoellendorffii;"curl --cookie jgi_session=/api/sessions/a1632f982cae55aaddb0a6be2ac38ecd --output download.20220724.185909.zip -d ""{\""ids\"":{\""Phytozome-91\"":[\""56901dca0d878508e3d1fdad\""]}}"" -H ""Content-Type: application/json"" https://files.jgi.doe.gov/filedownload/";v1,0;{Banks, 2011 #1008}
250;Selaginellales;Selaginellaceae;Selaginella tamariscina;http://dx.doi.org/10.1016/j.molp.2018.05.003;https://www.ncbi.nlm.nih.gov/genome/?term=PRJNA416064;https://ftp.ncbi.nlm.nih.gov/genomes/all/GCA/003/024/785/GCA_003024785.1_ASM302478v1/GCA_003024785.1_ASM302478v1_genomic.fna.gz;GCA_003024785.1;{Xu, 2018 #946}
251;Anthocerotales;Anthocerotaceae;Anthoceros angustus;https://www.nature.com/articles/s41477-019-0588-4;https://doi.org/10.5061/dryad.msbcc2ftv;https://datadryad.org/stash/downloads/file_stream/217689;December 20, 2019;{Zhang, 2020 #1026}
252;Funariales;Funariaceae;Physcomitrella patens;http://dx.doi.org/10.1126/science.1150646;https://phytozome.jgi.doe.gov/pz/portal.html#!info?alias=Org_Ppatens;"curl --cookie jgi_session=/api/sessions/a1632f982cae55aaddb0a6be2ac38ecd --output download.20220724.190135.zip -d ""{\""ids\"":{\""Phytozome-318\"":[\""561de2d60d878540fd704543\""]}}"" -H ""Content-Type: application/json"" https://files.jgi.doe.gov/filedownload/";v3,3;{Rensing, 2008 #1032}
253;Trebouxiales;Botryococcaeae;Botryococcus braunii;http://dx.doi.org/10.1128/genomeA.00215-17;https://www.ncbi.nlm.nih.gov/genome/?term=MVGU00000000;https://ftp.ncbi.nlm.nih.gov/genomes/all/GCA/002/005/505/GCA_002005505.1_B_braunii_Showa_v1/GCA_002005505.1_B_braunii_Showa_v1_genomic.fna.gz;GCA_002005505.1;{Browne, 2017 #943}
254;Chlamydomonadales;Tetrabaenaceae;Tetrabaena socialis;http://dx.doi.org/10.1093/molbev/msx332;https://www.ncbi.nlm.nih.gov/genome/?term=PGGS00000000;https://ftp.ncbi.nlm.nih.gov/genomes/all/GCA/002/891/735/GCA_002891735.1_TetSoc1/GCA_002891735.1_TetSoc1_genomic.fna.gz;GCA_002891735.1;{Durand, 2017 #928}
255;Chlamydomonadales;Goniaceae;Gonium pectorale;http://dx.doi.org/10.1038/ncomms11370;https://www.ncbi.nlm.nih.gov/genome/?term=LSYV00000000;https://ftp.ncbi.nlm.nih.gov/genomes/all/GCA/001/584/585/GCA_001584585.1_ASM158458v1/GCA_001584585.1_ASM158458v1_genomic.fna.gz;GCA_001584585.1;{Hanschen, 2016 #927}
256;Chlamydomonadales;Volvocaceae;Volvox carteri;http://dx.doi.org/10.1126/science.1188800;https://www.ebi.ac.uk/ena/data/view/ACJH01000000;ftp://ftp.ebi.ac.uk/pub/databases/ena/wgs/public/acj/ACJH01.fasta.gz;ACJH01000000.1;{Prochnik, 2010 #926}
257;Chlamydomonadales;Chlamydomonadaceae;Chlamydomonas reinhardtii;http://dx.doi.org/10.1126/science.1143609;https://phytozome.jgi.doe.gov/pz/portal.html#!info?alias=Org_Creinhardtii;"curl --cookie jgi_session=/api/sessions/a1632f982cae55aaddb0a6be2ac38ecd --output download.20220724.190711.zip -d ""{\""ids\"":{\""Phytozome-281\"":[\""53112ac449607a1be00559cd\""]}}"" -H ""Content-Type: application/json"" https://files.jgi.doe.gov/filedownload/";v5,6;{Merchant, 2007 #1005}
258;Bangiales;Bangiaceae;Porphyra umbilicalis;http://dx.doi.org/10.1073/pnas.1703088114;https://www.ncbi.nlm.nih.gov/genome/?term=MXAK00000000;https://ftp.ncbi.nlm.nih.gov/genomes/all/GCA/002/049/455/GCA_002049455.2_P_umbilicalis_v1/GCA_002049455.2_P_umbilicalis_v1_genomic.fna.gz;GCA_002049455.2;{Brawley, 2017 #916}
259;Gigartinales;Gigartinaceae;Chondrus crispus;http://dx.doi.org/10.1073/pnas.1221259110;https://www.ebi.ac.uk/ena/data/view/CAKH01;https://www.ebi.ac.uk/ena/browser/api/fasta/HG001459-HG002383?download=true;CAKH01000000.1;{Collén, 2013 #912}