Order;Family;Species;Link;Data sources;Filtered data;Version;Cite;genome_size
Fagales;Juglandaceae;Juglans nigra;http://dx.doi.org/10.1534/g3.118.200030;https://www.ncbi.nlm.nih.gov/genome/61588;https://ftp.ncbi.nlm.nih.gov/genomes/all/GCA/003/123/865/GCA_003123865.1_ASM312386v1/GCA_003123865.1_ASM312386v1_genomic.fna.gz;;{Stevens, 2018 #462};577M
Fagales;Juglandaceae;Juglans microcarpa;http://dx.doi.org/10.1534/g3.118.200030;https://www.ncbi.nlm.nih.gov/genome/69336;https://ftp.ncbi.nlm.nih.gov/genomes/all/GCA/003/123/845/GCA_003123845.1_ASM312384v1/GCA_003123845.1_ASM312384v1_genomic.fna.gz;;{Stevens, 2018 #462};865M
Fagales;Juglandaceae;Juglans sigillata;http://dx.doi.org/10.1534/g3.118.200030;https://www.ncbi.nlm.nih.gov/genome/46586;https://ftp.ncbi.nlm.nih.gov/genomes/all/GCA/003/123/805/GCA_003123805.1_ASM312380v1/GCA_003123805.1_ASM312380v1_genomic.fna.gz;;{Stevens, 2018 #462};609M
Fagales;Juglandaceae;Juglans regia;http://dx.doi.org/10.1111/tpj.13207;https://treegenesdb.org/FTP/Genomes/Jure/v1.4;https://treegenesdb.org/FTP/Genomes/Jure/v1.4/genome/Jure.1_4.fa.gz;;{Martínez‐García, 2016 #402};609M
Fagales;Juglandaceae;Juglans cathayensis;http://dx.doi.org/10.1534/g3.118.200030;https://www.ncbi.nlm.nih.gov/genome/53211;https://ftp.ncbi.nlm.nih.gov/genomes/all/GCA/003/122/765/GCA_003122765.1_ASM312276v1/GCA_003122765.1_ASM312276v1_genomic.fna.gz;;{Stevens, 2018 #462};545M
Fagales;Juglandaceae;Pterocarya stenoptera;http://dx.doi.org/10.1534/g3.118.200030;https://www.ncbi.nlm.nih.gov/genome/69335;https://ftp.ncbi.nlm.nih.gov/genomes/all/GCA/003/123/785/GCA_003123785.1_ASM312378v1/GCA_003123785.1_ASM312378v1_genomic.fna.gz;;{Stevens, 2018 #462};897M
Fagales;Casuarinaceae;Casuarina glauca;http://dx.doi.org/10.1126/science.aat1743;http://gigadb.org/dataset/101051;https://ftp.cngb.org/pub/gigadb/pub/10.5524/101001_102000/101051/Casuarina_glauca_v1_b2.fa;;{Griesmann, 2018 #330};193M
Cucurbitales;Cucurbitaceae;Lagenaria siceraria;http://dx.doi.org/10.1111/tpj.13722;https://www.ncbi.nlm.nih.gov/genome/?term=NHZF00000000;https://ftp.ncbi.nlm.nih.gov/genomes/all/GCA/003/268/545/GCA_003268545.1_Lsi_v1.0/GCA_003268545.1_Lsi_v1.0_genomic.fna.gz;;{Wu, 2017 #507};273M
Cucurbitales;Cucurbitaceae;Siraitia grosvenorii;http://dx.doi.org/10.1093/gigascience/giy067;http://gigadb.org/dataset/view/id/100452;https://ftp.cngb.org/pub/gigadb/pub/10.5524/100001_101000/100452/monkfruit.fasta;;{Xia, 2018 #510};417M
Cucurbitales;Cucurbitaceae;Momordica charantia;http://dx.doi.org/10.1093/dnares/dsw047;https://www.ncbi.nlm.nih.gov/Traces/wgs/BDCS01?display=contigs;https://sra-download.ncbi.nlm.nih.gov/traces/wgs03/wgs_aux/BD/CS/BDCS01/BDCS01.1.fsa_nt.gz;;{Urasaki, 2017 #475};257M
Cucurbitales;Datiscaceae;Datisca glomerata;http://dx.doi.org/10.1126/science.aat1743;https://www.ncbi.nlm.nih.gov/genome/12838;https://ftp.ncbi.nlm.nih.gov/genomes/all/GCA/003/255/025/GCA_003255025.1_ASM325502v1/GCA_003255025.1_ASM325502v1_genomic.fna.gz;;{Griesmann, 2018 #330};641M
Rosales;Rosaceae;Prunus mume;http://dx.doi.org/10.1038/ncomms2290;https://www.ncbi.nlm.nih.gov/genome/?term=PRJNA171605;https://ftp.ncbi.nlm.nih.gov/genomes/all/GCF/000/346/735/GCF_000346735.1_P.mume_V1.0/GCF_000346735.1_P.mume_V1.0_genomic.fna.gz;;{Zhang, 2012 #895};208M
Rosales;Rosaceae;Rosa chinensis;http://dx.doi.org/10.1038/s41477-018-0166-1;https://www.rosaceae.org/species/rosa/chinensis/genome_v1.0;https://www.rosaceae.org/rosaceae_downloads/Rosa_chinensis/Rchinensis-genome.v1.0/assembly/OBDH_1.0_formated.fasta.gz;;{Hibrand Saint-Oyant, 2018 #897};481M
Rosales;Rosaceae;Rosa multiflora;http://dx.doi.org/10.1093/dnares/dsx042;https://www.ncbi.nlm.nih.gov/genome/?term=PRJDB4738;https://ftp.ncbi.nlm.nih.gov/genomes/all/GCA/002/564/525/GCA_002564525.1_RMU_r2.0/GCA_002564525.1_RMU_r2.0_genomic.fna.gz;;{Nakamura, 2017 #417};705M
Rosales;Rosaceae;Potentilla micrantha;http://dx.doi.org/10.1093/gigascience/giy010;http://gigadb.org/dataset/100407;https://ftp.cngb.org/pub/gigadb/pub/10.5524/100001_101000/100407/Potentilla_draft_genome.fasta.gz;;{Buti, 2018 #287};288M
Rosales;Rosaceae;Rubus occidentalis;http://dx.doi.org/10.1093/gigascience/giy094;http://gigadb.org/dataset/100465;https://ftp.cngb.org/pub/gigadb/pub/10.5524/100001_101000/100465/Rubus_occ_V3_10-12-17.fasta.gz;;{Wai, 2018 #898};97M
Rosales;Rosaceae;Dryas drummondii;http://dx.doi.org/10.1126/science.aat1743;http://gigadb.org/dataset/101047;https://ftp.cngb.org/pub/gigadb/pub/10.5524/101001_102000/101047/Dryas_drummondii_v1.fa;;{Griesmann, 2018 #330};112M
Rosales;Cannabaceae;Parasponia andersonii;http://dx.doi.org/10.1073/pnas.1721395115;https://www.ncbi.nlm.nih.gov/genome/?term=PRJNA272473;https://ftp.ncbi.nlm.nih.gov/genomes/all/GCA/002/914/805/GCA_002914805.1_PanWU01x14_asm01/GCA_002914805.1_PanWU01x14_asm01_genomic.fna.gz;;{van Velzen, 2018 #899};433M
Rosales;Cannabaceae;Trema orientalis;http://dx.doi.org/10.1073/pnas.1721395115;https://www.ncbi.nlm.nih.gov/genome/?term=PRJNA272482;https://ftp.ncbi.nlm.nih.gov/genomes/all/GCA/002/914/845/GCA_002914845.1_TorRG33x02_asm01/GCA_002914845.1_TorRG33x02_asm01_genomic.fna.gz;;{van Velzen, 2018 #899};353M
Rosales;Moraceae;Morus notabilis;http://dx.doi.org/10.1038/ncomms3445;https://www.ncbi.nlm.nih.gov/genome/?term=PRJNA202089%3B;https://ftp.ncbi.nlm.nih.gov/genomes/all/GCF/000/414/095/GCF_000414095.1_ASM41409v2/GCF_000414095.1_ASM41409v2_genomic.fna.gz;;{He, 2013 #341};128M
Rosales;Moraceae;Ficus carica;http://dx.doi.org/10.1038/srep41124;https://www.ncbi.nlm.nih.gov/genome/?term=Ficus%20carica;https://ftp.ncbi.nlm.nih.gov/genomes/all/GCA/002/002/945/GCA_002002945.1_F.carica_assembly01/GCA_002002945.1_F.carica_assembly01_genomic.fna.gz;;{Mori, 2017 #415};225M
Rosales;Urticaceae;Boehmeria nivea;http://dx.doi.org/10.1111/1755-0998.12766;https://www.ncbi.nlm.nih.gov/Traces/wgs/PHNS01?display=contigs;https://sra-download.ncbi.nlm.nih.gov/traces/wgs03/wgs_aux/PH/NS/PHNS01/PHNS01.1.fsa_nt.gz;;{Luan, 2018 #398};224M
Rosales;Rhamnaceae;Ziziphus jujuba;http://dx.doi.org/10.1038/ncomms6315;http://ftp.ncbi.nlm.nih.gov/genomes/all/GCF/000/826/755/GCF_000826755.1_ZizJuj_1.1/;https://ftp.ncbi.nlm.nih.gov/genomes/all/GCF/000/826/755/GCF_000826755.1_ZizJuj_1.1/GCF_000826755.1_ZizJuj_1.1_genomic.fna.gz;;{Liu, 2014 #390};401M
Fabales;Fabaceae;Vigna angularis;http://dx.doi.org/10.1038/srep08069;https://www.ncbi.nlm.nih.gov/genome/?term=JRFV00000000;https://ftp.ncbi.nlm.nih.gov/genomes/all/GCF/001/190/045/GCF_001190045.1_Vigan1.1/GCF_001190045.1_Vigan1.1_genomic.fna.gz;;{Yang, 2014 #524};417M
Fabales;Fabaceae;Phaseolus vulgaris;http://dx.doi.org/10.1038/ng.3008;https://www.ncbi.nlm.nih.gov/Traces/wgs/ANNZ01?display=contigs;https://sra-download.ncbi.nlm.nih.gov/traces/wgs03/wgs_aux/AN/NZ/ANNZ01/ANNZ01.1.fsa_nt.gz;;{Schmutz, 2014 #448};433M
Fabales;Fabaceae;Ammopiptanthus nanus;http://dx.doi.org/10.1093/gigascience/giy074;http://gigadb.org/dataset/100466;https://ftp.cngb.org/pub/gigadb/pub/10.5524/100001_101000/100466/final.genome.fasta;;{Gao, 2018 #325};721M
Malpighiales;Salicaceae;Populus alba;http://dx.doi.org/10.1111/pbi.12989;ftp://download.big.ac.cn/gwh/Plants/Populus_alba_var._pyramidalis_Populus_alba_var._pyramidalis_v1_GWHAAEP00000000/;https://download.cncb.ac.cn/gwh/Plants/Populus_alba_var._pyramidalis_Populus_alba_var._pyramidalis_v1_GWHAAEP00000000/GWHAAEP00000000.genome.fasta.gz;;{Ma, 2018 #400};433M
Malpighiales;Salicaceae;Populus pruinosa;http://dx.doi.org/10.1093/gigascience/gix075;http://gigadb.org/dataset/view/id/100319/File page/6;https://ftp.cngb.org/pub/gigadb/pub/10.5524/100001_101000/100319/00.upload.data/01.Ppr_genome.fa;;{Yang, 2017 #525};369M
Malpighiales;Rhizophoraceae;Rhizophora apiculata;http://dx.doi.org/10.1093/nsr/nwx065;https://www.ncbi.nlm.nih.gov/genome/?term=PRJEB8423;https://ftp.ncbi.nlm.nih.gov/genomes/all/GCA/900/174/605/GCA_900174605.1_Rap_scaffold_v2/GCA_900174605.1_Rap_scaffold_v2_genomic.fna.gz;;{Xu, 2017 #516};209M
Malpighiales;Euphorbiaceae;Hevea brasiliensis;http://dx.doi.org/10.1186/1471-2164-14-75;ftp://ftp.ncbi.nih.gov/genomes/Hevea_brasiliensis/;https://ftp.ncbi.nlm.nih.gov/genomes/all/GCF/001/654/055/GCF_001654055.1_ASM165405v1/GCF_001654055.1_ASM165405v1_genomic.fna.gz;;{Tang, 2016 #987};1.3G
Brassicales;Brassicaceae;Brassica juncea;http://dx.doi.org/10.1038/ng.3657;https://www.ncbi.nlm.nih.gov/genome/?term=LFQT00000000;https://ftp.ncbi.nlm.nih.gov/genomes/all/GCA/001/687/265/GCA_001687265.1_Brassica_juncea_var_tumida_T84-66_v1/GCA_001687265.1_Brassica_juncea_var_tumida_T84-66_v1_genomic.fna.gz;;{Yang, 2016 #520};897M
Brassicales;Brassicaceae;Brassica nigra;http://dx.doi.org/10.1038/ng.3657;https://www.ncbi.nlm.nih.gov/genome/?term=LFLV00000000;https://ftp.ncbi.nlm.nih.gov/genomes/all/GCA/001/682/895/GCA_001682895.1_ASM168289v1/GCA_001682895.1_ASM168289v1_genomic.fna.gz;;{Yang, 2016 #520};369M
Brassicales;Brassicaceae;Raphanus raphanistrum;http://dx.doi.org/10.1105/tpc.114.124297;https://www.ncbi.nlm.nih.gov/genome/?term=PRJNA209513.;https://ftp.ncbi.nlm.nih.gov/genomes/all/GCA/000/769/845/GCA_000769845.1_ASM76984v1/GCA_000769845.1_ASM76984v1_genomic.fna.gz;;{Moghe, 2014 #412};225M
Brassicales;Brassicaceae;Eutrema heterophyllum;http://dx.doi.org/10.1093/dnares/dsy003;https://www.ncbi.nlm.nih.gov/genome/?term=PKMM00000000;https://ftp.ncbi.nlm.nih.gov/genomes/all/GCA/002/933/915/GCA_002933915.1_ASM293391v1/GCA_002933915.1_ASM293391v1_genomic.fna.gz;;{Guo, 2018 #334};321M
Brassicales;Brassicaceae;Eutrema yunnanense;http://dx.doi.org/10.1093/dnares/dsy003;https://www.ncbi.nlm.nih.gov/genome/?term=PKML00000000;https://ftp.ncbi.nlm.nih.gov/genomes/all/GCA/002/933/935/GCA_002933935.1_ASM293393v1/GCA_002933935.1_ASM293393v1_genomic.fna.gz;;{Guo, 2018 #334};385M
Brassicales;Brassicaceae;Thlaspi arvense;http://dx.doi.org/10.1093/dnares/dsu045;https://www.ncbi.nlm.nih.gov/genome/?term=AZNP00000000;https://ftp.ncbi.nlm.nih.gov/genomes/all/GCA/000/956/625/GCA_000956625.1_T_arvense_v1/GCA_000956625.1_T_arvense_v1_genomic.fna.gz;;{Dorn, 2015 #316};305M
Brassicales;Brassicaceae;Arabis alpina;http://dx.doi.org/10.1038/nplants.2014.23;https://www.ncbi.nlm.nih.gov/genome/?term=JNGA00000000;https://ftp.ncbi.nlm.nih.gov/genomes/all/GCA/900/128/785/GCA_900128785.1_MPIPZ.v5/GCA_900128785.1_MPIPZ.v5_genomic.fna.gz;;{Willing, 2015 #503};273M
Brassicales;Brassicaceae;Capsella bursa pastoris;http://dx.doi.org/10.1111/tpj.13563;https://www.ncbi.nlm.nih.gov/genome/?term=PRJNA352734;https://ftp.ncbi.nlm.nih.gov/genomes/all/GCA/001/974/645/GCA_001974645.1_C_bursa_pastoris_nuclear_genome_v1/GCA_001974645.1_C_bursa_pastoris_nuclear_genome_v1_genomic.fna.gz;;{Kasianov, 2017 #372};241M
Brassicales;Brassicaceae;Camelina sativa;http://dx.doi.org/10.1038/ncomms4706;https://www.ncbi.nlm.nih.gov/genome/?term=JFZQ00000000;https://ftp.ncbi.nlm.nih.gov/genomes/all/GCF/000/633/955/GCF_000633955.1_Cs/GCF_000633955.1_Cs_genomic.fna.gz;;{Kagale, 2014 #370};593M
Brassicales;Brassicaceae;Arabidopsis thaliana;http://dx.doi.org/10.1038/35048692;ftp://ftp.psb.ugent.be/pub/plaza/plaza_public_monocots 04/Genomes/;https://ftp.psb.ugent.be/pub/plaza/plaza_public_monocots_04/Genomes/ath.con.gz;;{Cheng, 2017 #995};32M
Brassicales;Brassicaceae;Cardamine hirsuta;http://dx.doi.org/10.1038/nplants.2016.167;http://chi.mpipz.mpg.de/assembly.html;http://chi.mpipz.mpg.de/download/sequences/chi_v1.fa;;{Gan, 2016 #324};176M
Brassicales;Cleomaceae;Tarenaya hassleriana;http://dx.doi.org/10.1105/tpc.113.113480;ftp://ftp.ncbi.nlm.nih.gov/genomes/all/GCF/000/463/585/GCF 000463585.1_ASM46358v1/;https://ftp.ncbi.nlm.nih.gov/genomes/all/GCF/000/463/585/GCF_000463585.1_ASM46358v1/GCF_000463585.1_ASM46358v1_genomic.fna.gz;;{Cheng, 2013 #302};225M
Malvales;Malvaceae;Gossypium hirsutum;http://dx.doi.org/10.1038/nbt.3208;https://www.ncbi.nlm.nih.gov/genome/?term=PRJNA259930;https://ftp.ncbi.nlm.nih.gov/genomes/all/GCF/000/987/745/GCF_000987745.1_ASM98774v1/GCF_000987745.1_ASM98774v1_genomic.fna.gz;;{Li, 2015 #383};2.1G
Malvales;Malvaceae;Gossypium barbadense;http://dx.doi.org/10.1038/srep14139;https://www.ncbi.nlm.nih.gov/genome/?term=PRJNA251673;https://ftp.ncbi.nlm.nih.gov/genomes/all/GCA/001/856/525/GCA_001856525.1_GbV1.0/GCA_001856525.1_GbV1.0_genomic.fna.gz;;{Liu, 2015 #394};2.5G
Malvales;Malvaceae;Bombax ceiba;http://dx.doi.org/10.1093/gigascience/giy051;http://gigadb.org/dataset/view/id/100445;https://ftp.cngb.org/pub/gigadb/pub/10.5524/100001_101000/100445/Mumian.Scaffold.fasta;;{Gao, 2018 #326};785M
Malvales;Malvaceae;Durio zibethinus;http://dx.doi.org/10.1038/ng.3972;https://www.ncbi.nlm.nih.gov/genome/?term=PRJNA400310;https://ftp.ncbi.nlm.nih.gov/genomes/all/GCF/002/303/985/GCF_002303985.1_Duzib1.0/GCF_002303985.1_Duzib1.0_genomic.fna.gz;;{Teh, 2017 #470};673M
Malvales;Malvaceae;Corchorus capsularis;http://dx.doi.org/10.1038/nplants.2016.223;https://www.ncbi.nlm.nih.gov/genome/?term=AWWV00000000;https://ftp.ncbi.nlm.nih.gov/genomes/all/GCA/001/974/805/GCA_001974805.1_CCACVL1_1.0/GCA_001974805.1_CCACVL1_1.0_genomic.fna.gz;;{Islam, 2017 #359};80M
Malvales;Malvaceae;Corchorus olitorius;http://dx.doi.org/10.1038/nplants.2016.223;https://www.ncbi.nlm.nih.gov/genome/?term=AWUE00000000;https://ftp.ncbi.nlm.nih.gov/genomes/all/GCA/001/974/825/GCA_001974825.1_COLO4_1.0/GCA_001974825.1_COLO4_1.0_genomic.fna.gz;;{Islam, 2017 #359};305M
Sapindales;Rutaceae;Citrus medica;http://dx.doi.org/10.1038/ng.3839;http://citrus.hzau.edu.cn/orange/download/index.php;http://citrus.hzau.edu.cn/data/Genome_info/RL.v1.0/RL.v1.0.genome.fa;;{Wang, 2017 #498};512
Sapindales;Rutaceae;Citrus sinensis;http://dx.doi.org/10.1038/ng.2472;http://citrus.hzau.edu.cn/orange/download/index.php;http://citrus.hzau.edu.cn/data/Genome_info/SWO.v2.0/SWO.v2.0.genome.fa;;{Xu, 2013 #514};304M
Sapindales;Rutaceae;Citrus ichangensis;http://dx.doi.org/10.1038/ng.3839;http://citrus.hzau.edu.cn/orange/download/index.php;http://citrus.hzau.edu.cn/data/Genome_info/ZGYCC.v1.0/ZGYCC.v1.0.genome.fa;;{Wang, 2017 #498};321M
Sapindales;Rutaceae;Citrus paradisi x P. trifoliata;http://dx.doi.org/10.1186/s12864-016-2779-y;https://www.ncbi.nlm.nih.gov/genome/?term=PRJNA224728;https://ftp.ncbi.nlm.nih.gov/genomes/all/GCA/001/929/425/GCA_001929425.1_WD23_11_assembly_v1/GCA_001929425.1_WD23_11_assembly_v1_genomic.fna.gz;;{Zhang, 2016 #541};257M
Sapindales;Rutaceae;Citrus grandis;http://dx.doi.org/10.1038/ng.3839;http://citrus.hzau.edu.cn/orange/download/index.php;http://citrus.hzau.edu.cn/data/Genome_info/HWB.v1.0/HWB.v1.0.genome.fa;;{Wang, 2017 #498};305M
Sapindales;Rutaceae;Atalantia buxifolia;http://dx.doi.org/10.1038/ng.3839;http://citrus.hzau.edu.cn/orange/download/index.php;http://citrus.hzau.edu.cn/data/Genome_info/HKC.v1.0/HKC.v1.0.genome.fa;;{Wang, 2017 #498};192M
Sapindales;Sapindaceae;Dimocarpus longan;http://dx.doi.org/10.1093/gigascience/gix023;http://gigadb.org/dataset/view/id/100276/File_page/2;https://ftp.cngb.org/pub/gigadb/pub/10.5524/100001_101000/100276/longan.scaffold.fa.gz;;{Lin, 2017 #387};449M
Myrtales;Lythraceae;Punica granatum;http://dx.doi.org/10.1111/pbi.12875;https://www.ncbi.nlm.nih.gov/genome/?term=PRJNA355913.;https://ftp.ncbi.nlm.nih.gov/genomes/all/GCA/002/201/585/GCA_002201585.1_ASM220158v1/GCA_002201585.1_ASM220158v1_genomic.fna.gz;;{Yuan, 2017 #532};240M
Saxifragales;Crassulaceae;Kalanchoe fedtschenkoi;http://dx.doi.org/10.1038/s41467-017-01491-7;https://www.ncbi.nlm.nih.gov/genome/?term=NQLW00000000;https://ftp.ncbi.nlm.nih.gov/genomes/all/GCA/002/312/845/GCA_002312845.1_K_fedtschenkoi_M2_v1/GCA_002312845.1_K_fedtschenkoi_M2_v1_genomic.fna.gz;;{Yang, 2017 #526};225M
Saxifragales;Crassulaceae;Rhodiola crenulata;http://dx.doi.org/10.1093/gigascience/gix033;http://gigadb.org/dataset/100301;https://ftp.cngb.org/pub/gigadb/pub/10.5524/100001_101000/100301/Rhodiola_crenulata.genome.fa;;{Fu,2017#322};289M
Solanales;Solanaceae;Solanum pimpinellifolium;https://doi.org/10.3389/fpls.2018.01402;https://www.ncbi.nlm.nih.gov/genome/?term=PRJNA390234;https://ftp.ncbi.nlm.nih.gov/genomes/all/GCA/003/660/305/GCA_003660305.1_KAUST_Spi-LA0480_1.0/GCA_003660305.1_KAUST_Spi-LA0480_1.0_genomic.fna.gz;;{Razali,2018#886};273M
Solanales;Solanaceae;Solanum chacoense;http://dx.doi.org/10.1111/tpj.13857;https://datadryad.org//resource/doi:10.5061/dryad.kc835;https://datadryad.org/stash/downloads/file_stream/200112;;{Leisner,2018#382};657M
Solanales;Solanaceae;Jaltomata sinuosa;https://doi.org/10.1093/gbe/evy274;https://www.ncbi.nlm.nih.gov/genome/?term=PRJNA474403;https://ftp.ncbi.nlm.nih.gov/genomes/all/GCA/003/996/215/GCA_003996215.1_ASM399621v1/GCA_003996215.1_ASM399621v1_genomic.fna.gz;;{Wu,2019#888};1.3G
Solanales;Solanaceae;Nicotiana sylvestris;http://dx.doi.org/10.1186/gb-2013-14-6-r60;https://www.ncbi.nlm.nih.gov/genome/?term=PRJNA182500;https://ftp.ncbi.nlm.nih.gov/genomes/all/GCF/000/393/655/GCF_000393655.1_Nsyl/GCF_000393655.1_Nsyl_genomic.fna.gz;;{Sierro,2013#884};2.0G
Solanales;Solanaceae;Nicotiana tabacum;http://dx.doi.org/10.1038/ncomms4833;https://www.ncbi.nlm.nih.gov/genome/?term=AYMY00000000;https://ftp.ncbi.nlm.nih.gov/genomes/all/GCF/000/715/135/GCF_000715135.1_Ntab-TN90/GCF_000715135.1_Ntab-TN90_genomic.fna.gz;;{Sierro, 2014 #455};3.5G
Solanales;Solanaceae;Nicotiana obtusifolia;http://dx.doi.org/10.1073/pnas.1700073114;https://www.ncbi.nlm.nih.gov/genome/?term=PRJNA316794;https://ftp.ncbi.nlm.nih.gov/genomes/all/GCA/002/018/475/GCA_002018475.1_NIOBT.version3/GCA_002018475.1_NIOBT.version3_genomic.fna.gz;;{Xu,2017#515};1.2G
Solanales;Solanaceae;Nicotiana tomentosiformis;http://dx.doi.org/10.1186/gb-2013-14-6-r60;https://www.ncbi.nlm.nih.gov/genome/?term=PRJNA182501;https://ftp.ncbi.nlm.nih.gov/genomes/all/GCF/000/390/325/GCF_000390325.2_Ntom_v01/GCF_000390325.2_Ntom_v01_genomic.fna.gz;;{Sierro,2013#884};1.6G
Solanales;Solanaceae;Nicotiana attenuata;http://dx.doi.org/10.1073/pnas.1700073114;https://www.ncbi.nlm.nih.gov/genome/?term=MJEQ00000000;https://ftp.ncbi.nlm.nih.gov/genomes/all/GCF/001/879/085/GCF_001879085.1_NIATTr2/GCF_001879085.1_NIATTr2_genomic.fna.gz;;{Xu,2017#515};2.3G
Solanales;Solanaceae;Petunia axillaris;http://dx.doi.org/10.1038/nplants.2016.74;ftp://ftp.solgenomics.net/genomes/Petunia_axillaris/;https://solgenomics.net/ftp/genomes/Petunia_axillaris/assembly/Petunia_axillaris_v1.6.2_genome.fasta;;{Bombarely,2016#285};1.2G
Solanales;Solanaceae;Petunia inflata;http://dx.doi.org/10.1038/nplants.2016.74;ftp://ftp.solgenomics.net/genomes/Petunia_inflata/;https://solgenomics.net/ftp/genomes/Petunia_inflata/assembly/Petunia_inflata_v1.0.1_genome.fasta;;{Bombarely,2016#285};512
Solanales;Convolvulaceae;Ipomoea triloba;http://dx.doi.org/10.1038/s41467-018-06983-8;https://datadryad.org/resource/doi:10.5061/dryad.b9m61cg;https://datadryad.org/stash/downloads/file_stream/12869;v3;{Wu,2018#889};417M
Solanales;Convolvulaceae;Cuscuta australis;http://dx.doi.org/10.1038/s41467-018-04721-8;http://groups.english.kib.cas.cn/epb/dgd/Download/201711/t20171101 386248.html;https://ndownloader.figshare.com/files/23163833;;{Sun, 2018 #465};512
Gentianales;Apocynaceae;Rhazya stricta;http://dx.doi.org/10.1038/srep33782;https://www.ncbi.nlm.nih.gov/genome/?term=MEJB00000000;https://ftp.ncbi.nlm.nih.gov/genomes/all/GCA/001/752/375/GCA_001752375.1_RHA1.0/GCA_001752375.1_RHA1.0_genomic.fna.gz;;{Sabir, 2016 #440};241M
Gentianales;Apocynaceae;Calotropis gigantea;http://dx.doi.org/10.1534/g3.117.300331;https://datadryad.org/resource/doi:10.5061/dryad.fk41r;https://datadryad.org/stash/downloads/file_stream/2081;v2,2;{Hoopes, 2018 #858};80M
Gentianales;Rubiaceae;Coffea canephora;http://dx.doi.org/10.1126/science.1255274;http://coffee-genome.org/download;https://coffee-genome-hub.southgreen.fr/filebrowser/download/13;;{Denoeud, 2014 #313};513M
Scrophulariales;Lamiaceae;Salvia splendens;http://dx.doi.org/10.1093/gigascience/giy068;http://gigadb.org/dataset/view/id/100463/File page/2;https://ftp.cngb.org/pub/gigadb/pub/10.5524/100001_101000/100463/final_genome.fasta;;{Dong,2018#315};753M
Scrophulariales;Lamiaceae;Salvia miltiorrhiza;http://dx.doi.org/10.1186/s13742-015-0104-3;http://gigadb.org/dataset/view/id/100164/File page/2;https://ftp.cngb.org/pub/gigadb/pub/10.5524/100001_101000/100164/ds.scaftig.fa;;{Zhang,2015#535};561M
Scrophulariales;Lamiaceae;Tectona grandis;https://doi.org/10.1093/gigascience/giz005;http://gigadb.org/dataset/100550;https://ftp.cngb.org/pub/gigadb/pub/10.5524/100001_101000/100550/teak_tectona_grandis_26Jun2018_7GlFM_fmt_tp.fa;;{Zhao,2019#883};289M
Scrophulariales;Pedaliaceae;Sesamum indicum;https://doi.org/10.1186/gb-2014-15-2-r39;https://www.ncbi.nlm.nih.gov/genome/?term=APMJ00000000;https://ftp.ncbi.nlm.nih.gov/genomes/all/GCF/000/512/975/GCF_000512975.1_S_indicum_v1.0/GCF_000512975.1_S_indicum_v1.0_genomic.fna.gz;;{Wang,2014#494};241M
Scrophulariales;Bignoniaceae;Handroanthus impetiginosus;http://dx.doi.org/10.1093/gigascience/gix125;http://gigadb.org/dataset/view/id/100379;https://ftp.cngb.org/pub/gigadb/pub/10.5524/100001_101000/100379/Himpetiginosus.genomic.fasta.gz;;{Da,2018#308};465M
Scrophulariales;Gesneriaceae;Boea hygrometrica;http://dx.doi.org/10.1073/pnas.1505811112;https://www.ncbi.nlm.nih.gov/genome/?term=PRJNA182117;https://ftp.ncbi.nlm.nih.gov/genomes/all/GCA/001/598/015/GCA_001598015.1_Boea_hygrometrica.v1/GCA_001598015.1_Boea_hygrometrica.v1_genomic.fna.gz;;{Xiao,2015#511};1.5G
Scrophulariales;Oleaceae;Olea europaea;http://dx.doi.org/10.1073/pnas.1708621114;https://www.ncbi.nlm.nih.gov/genome/?term=MSRW00000000;https://ftp.ncbi.nlm.nih.gov/genomes/all/GCF/002/742/605/GCF_002742605.1_O_europaea_v1/GCF_002742605.1_O_europaea_v1_genomic.fna.gz;;{Unver,2017#474};1.1G
Asterales;Asteraceae;Conyza canadensis;http://dx.doi.org/10.1104/pp.114.247668;https://www.ncbi.nlm.nih.gov/genome/?term=JSWR00000000.;https://ftp.ncbi.nlm.nih.gov/genomes/all/GCA/000/775/935/GCA_000775935.1_ASM77593v1/GCA_000775935.1_ASM77593v1_genomic.fna.gz;;{Peng, 2014 #424};289M
Asterales;Asteraceae;Taraxacum kok saghyz;http://dx.doi.org/10.1093/nsr/nwx101;http://bigd.big.ac.cn/gwh/Assembly/1/show;https://download.cncb.ac.cn/gwh/Plants/Taraxacum_kok-saghyz_TKS_GWHAAAA00000000/GWHAAAA00000000.genome.fasta.gz;;{Lin, 2018 #386};1.2G
Asterales;Asteraceae;Cynara cardunculus;http://dx.doi.org/10.1038/srep19427;https://www.ncbi.nlm.nih.gov/genome/?term=PRJNA238069;https://ftp.ncbi.nlm.nih.gov/genomes/all/GCF/001/531/365/GCF_001531365.1_CcrdV1/GCF_001531365.1_CcrdV1_genomic.fna.gz;;{Scaglione, 2016 #856};673M
Apiales;Araliaceae;Panax ginseng;http://dx.doi.org/10.1093/gigascience/gix093;http://ginsengdb.snu.ac.kr/data.php;http://ginsengdb.snu.ac.kr/download.php?filename=ginseng_v1.fasta;;{Kim,2018#374};449M
Ericales;Ericaceae;Vaccinium macrocarpon;http://dx.doi.org/10.1186/1471-2229-14-165;https://www.ncbi.nlm.nih.gov/genome/?term=PRJNA245813;https://ftp.ncbi.nlm.nih.gov/genomes/all/GCA/000/775/335/GCA_000775335.2_ASM77533v2/GCA_000775335.2_ASM77533v2_genomic.fna.gz;;{Polashock,2014#780};401M
Ericales;Ericaceae;Vaccinium corymbosum;http://dx.doi.org/10.1186/s13742-015-0046-9;http://gigadb.org/dataset/view/id/100537;https://ftp.cngb.org/pub/gigadb/pub/10.5524/100001_101000/100537/V_corymbosum_genome_v1.0.fasta;;{Gupta,2015#336};1.8G
Ericales;Primulaceae;Primula veris;http://dx.doi.org/10.1186/s13059-014-0567-z;https://www.ncbi.nlm.nih.gov/genome/?term=PRJNA238546;https://ftp.ncbi.nlm.nih.gov/genomes/all/GCA/000/788/445/GCA_000788445.1_ASM78844v1/GCA_000788445.1_ASM78844v1_genomic.fna.gz;;{Nowak,2015#420};272M
Ericales;Primulaceae;Primula vulgaris;http://dx.doi.org/10.1038/s41598-018-36304-4;https://opendata.earlham.ac.uk/opendata/data/primula/sci_reports_Cocker_et_al_2018/;https://opendata.earlham.ac.uk/opendata/data/primula/sci_reports_Cocker_et_al_2018/pvulgaris_LH_v2.fa;;{Cocker,2018#873};337M
Caryophyllales;Amaranthaceae;Spinacia oleracea;http://dx.doi.org/10.1038/ncomms15275;http://www.spinachbase.org/?q=download;http://spinachbase.org/ftp/genome/Sp75/Sp75_genome_v1.fa.gz;;{Xu, 2017 #513};945M
Caryophyllales;Amaranthaceae;Beta vulgaris;http://dx.doi.org/10.1038/nature12817;http://bvseq.molgen.mpg.de/Genome/Download/RefBeet-1.2/;https://bvseq.boku.ac.at/Genome/Download/RefBeet-1.2/RefBeet-1.2.fna.gz;;{Dohm, 2014 #314};513M
Caryophyllales;Amaranthaceae;Amaranthus hypochondriacus;http://dx.doi.org/10.3835/plantgenome2015.07.0062;https://genomevolution.org/coge/SearchResults.pl?s=25775&p=genome;https://genomevolution.org/coge/api/v1/genomes/25775/sequence;;{Clouse,2016#303};321M
Caryophyllales;Cactaceae;Carnegiea gigantea;http://dx.doi.org/10.1073/pnas.1706367114;https://www.ncbi.nlm.nih.gov/genome/?term=Carnegiea%20gigantea;https://ftp.ncbi.nlm.nih.gov/genomes/all/GCA/002/740/515/GCA_002740515.1_SGP5_Cgig_v1.3/GCA_002740515.1_SGP5_Cgig_v1.3_genomic.fna.gz;;{Copetti,2017#306};929M
Caryophyllales;Polygonaceae;Fagopyrum tataricum;http://dx.doi.org/10.1016/j.molp.2017.08.013;http://www.mbkbase.org/Pinku1/;http://www.mbkbase.org/Pinku1/FtChromosomeV2.fasta.gz;;{Zhang,2017#538};417M
Caryophyllales;Droseraceae;Drosera capensis;http://dx.doi.org/10.1002/prot.25095;https://www.ncbi.nlm.nih.gov/genome/?term=PRJNA291419;https://ftp.ncbi.nlm.nih.gov/genomes/all/GCA/001/925/005/GCA_001925005.1_ASM192500v1/GCA_001925005.1_ASM192500v1_genomic.fna.gz;;{Butts,2016#288};225M
Santalales;Ximeniaceae;Malania oleifera;https://doi.org/10.1093/gigascience/giy164;http://gigadb.org/dataset/100549;https://ftp.cngb.org/pub/gigadb/pub/10.5524/100001_101000/100549/genome.fa;;{Xu, 2019 #1031};1.5G
Santalales;Santalaceae;Santalum album;http://dx.doi.org/10.1104/pp.17.01764;https://www.ncbi.nlm.nih.gov/genome/?term=Santalum%20album;https://ftp.ncbi.nlm.nih.gov/genomes/all/GCA/002/911/635/GCA_002911635.1_ASM291163v1/GCA_002911635.1_ASM291163v1_genomic.fna.gz;;{Mahesh,2018#401};160M
Ranunculales;Papaveraceae;Macleaya cordata;http://dx.doi.org/10.1016/j.molp.2017.05.007;https://www.ncbi.nlm.nih.gov/genome/?term=MVGT00000000;https://ftp.ncbi.nlm.nih.gov/genomes/all/GCA/002/174/775/GCA_002174775.1_MC_HNAU_1.0/GCA_002174775.1_MC_HNAU_1.0_genomic.fna.gz;;{Liu,2017#393};337M
Ranunculales;Papaveraceae;Papaver somniferum;http://dx.doi.org/10.1126/science.aat4096;https://www.ncbi.nlm.nih.gov/genome/?term=Papaver%20somniferum;https://ftp.ncbi.nlm.nih.gov/genomes/all/GCF/003/573/695/GCF_003573695.1_ASM357369v1/GCF_003573695.1_ASM357369v1_genomic.fna.gz;;{Guo,2018#872};2.6G
Ranunculales;Papaveraceae;Eschscholzia californica;http://dx.doi.org/10.1093/pcp/pcx210;https://www.ncbi.nlm.nih.gov/genome/?term=Eschscholzia%20californica;https://ftp.ncbi.nlm.nih.gov/genomes/all/GCA/002/897/215/GCA_002897215.1_ECA_r1.0/GCA_002897215.1_ECA_r1.0_genomic.fna.gz;;{Hori,2018#351};449M
Poales;Poaceae;Oryza sativa ssp. Indica;http://dx.doi.org/10.1126/science.1068037;http://www.mbkbase.org/R498/;http://mbkbase.org/R498/R498_Chr.fasta.gz;V3;{Yu, 2002 #949};353M
Poales;Poaceae;Oryza granulata;http://dx.doi.org/10.1038/s42003-018-0089-4;ftp://download.big.ac.cn/gwh/Plants/Oryza_granulata_Oryza_granulata,_whole_genome_sequencing_GWHAAEL00000000/;https://download.cncb.ac.cn/gwh/Plants/Oryza_granulata_Oryza_granulata,_whole_genome_sequencing_GWHAAEL00000000/GWHAAEL00000000.genome.fasta.gz;GWHAAEL00000000;{Wu, 2018 #951};721M
Poales;Poaceae;Leersia perrieri;http://dx.doi.org/10.1038/s41588-018-0040-0;https://www.ncbi.nlm.nih.gov/genome/?term=PRJNA163065;https://ftp.ncbi.nlm.nih.gov/genomes/all/GCA/000/325/765/GCA_000325765.3_Lperr_V1.4/GCA_000325765.3_Lperr_V1.4_genomic.fna.gz;GCA_000325765.3;{Stein, 2018 #950};241M
Poales;Poaceae;Zizania latifolia;http://dx.doi.org/10.1111/tpj.12912;https://www.ncbi.nlm.nih.gov/genome/?term=ASSH00000000;https://ftp.ncbi.nlm.nih.gov/genomes/all/GCA/000/418/225/GCA_000418225.1_Zizania_latifolia_v01/GCA_000418225.1_Zizania_latifolia_v01_genomic.fna.gz;GCA_000418225.1;{Guo,2015#331};561M
Poales;Poaceae;Aegilops tauschii;http://dx.doi.org/10.1038/s41477-017-0067-8;https://www.ncbi.nlm.nih.gov/genome/?term=AOCO00000000;https://ftp.ncbi.nlm.nih.gov/genomes/all/GCF/001/957/025/GCF_001957025.1_Aet_MR_1.0/GCF_001957025.1_Aet_MR_1.0_genomic.fna.gz;GCF_001957025.1;{Zhao, 2017 #543};4.1G
Poales;Poaceae;Secale cereale;http://dx.doi.org/10.1111/tpj.13436;https://www.ncbi.nlm.nih.gov/genome/?term=PRJEB6214;https://ftp.ncbi.nlm.nih.gov/genomes/all/GCA/900/079/665/GCA_900079665.1_Rye_Lo7_WGS_contigs/GCA_900079665.1_Rye_Lo7_WGS_contigs_genomic.fna.gz;GCA_900079665.1;{Bauer, 2017 #283};1.8G
Poales;Poaceae;Hordeum vulgare;http://dx.doi.org/10.1038/nature11543;ftp://ftp.ensemblgenomes.org/pub/plants/release-35/;http://ftp.ensemblgenomes.org/pub/plants/release-35/fasta/hordeum_vulgare/dna/Hordeum_vulgare.ASM32608v1.dna.toplevel.fa.gz;ASM32608v1;{Mayer, 2012 #548};3.8G
Poales;Poaceae;Saccharum spontaneum;http://dx.doi.org/10.1038/s41588-018-0237-2;https://www.ncbi.nlm.nih.gov/genome/?term=QVOL00000000;https://ftp.ncbi.nlm.nih.gov/genomes/all/GCA/003/544/955/GCA_003544955.1_Sspon.HiC_chr_asm/GCA_003544955.1_Sspon.HiC_chr_asm_genomic.fna.gz;GCA_003544955.1;{Zhang,2018#862};3.0G
Poales;Poaceae;Saccharum spp. R570;http://dx.doi.org/10.1038/s41467-018-05051-5;http://sugarcane-genome.cirad.fr;https://sugarcane-genome.cirad.fr/sites/default/files/download/single_tiling_path_assembly.fna.gz;Single Tiling Path;{Garsmeur,2018#860};385M
Poales;Poaceae;Dichanthelium oligosanthes;http://dx.doi.org/10.1186/s13059-016-1080-3;https://www.ncbi.nlm.nih.gov/genome/?term=LWDX00000000;https://ftp.ncbi.nlm.nih.gov/genomes/all/GCA/001/633/215/GCA_001633215.2_ASM163321v2/GCA_001633215.2_ASM163321v2_genomic.fna.gz;GCA_001633215.2;{Studer, 2016 #463};545M
Poales;Poaceae;Cenchrus americanus;http://dx.doi.org/10.1038/nbt.3943;https://www.ncbi.nlm.nih.gov/genome/?term=PRJNA294988;https://ftp.ncbi.nlm.nih.gov/genomes/all/GCA/002/174/835/GCA_002174835.2_ASM217483v2/GCA_002174835.2_ASM217483v2_genomic.fna.gz;GCA_002174835.2;{Varshney,2017#480};1.7G
Poales;Poaceae;Zoysia matrella;http://dx.doi.org/10.1093/dnares/dsw006;ftp://ftp.kazusa.or.jp/pub/zoysia/;https://docs.google.com/uc?export=download&id=1-W6NwUVBytbEylHjzn0Gj64v15rveKiU;r1,0;{Hidenori,2016#344};529M
Poales;Poaceae;Eleusine coracana;http://dx.doi.org/10.1186/s12864-017-3850-z;https://www.ncbi.nlm.nih.gov/genome/?term=LXGH00000000;https://ftp.ncbi.nlm.nih.gov/genomes/all/GCA/002/180/455/GCA_002180455.1_ASM218045v1/GCA_002180455.1_ASM218045v1_genomic.fna.gz;GCA_002180455.1;{Hittalmani, 2017 #349};1.2G
Arecales;Arecaceae;Elaeis guineensis;http://dx.doi.org/10.1038/nature12309;https://www.ncbi.nlm.nih.gov/genome/2669;https://ftp.ncbi.nlm.nih.gov/genomes/all/GCF/000/442/705/GCF_000442705.1_EG5/GCF_000442705.1_EG5_genomic.fna.gz;GCF_000442705.1;{Singh, 2013 #456};1.5G
Arecales;Arecaceae;Phoenix dactylifera;http://dx.doi.org/10.1038/nbt.1860;https://www.ncbi.nlm.nih.gov/genome/?term=PRJNA83433;https://ftp.ncbi.nlm.nih.gov/genomes/all/GCF/000/413/155/GCF_000413155.1_DPV01/GCF_000413155.1_DPV01_genomic.fna.gz;GCF_000413155.1;{Al-Mssallem,2013#277};529M
Arecales;Arecaceae;Daemonorops jenkinsiana;http://dx.doi.org/10.1093/gigascience/giy097;http://gigadb.org/dataset/view/id/101053;https://ftp.cngb.org/pub/gigadb/pub/10.5524/101001_102000/101053/final_assembly_fasta/D.jenkinsiana.genome.WGS.fa.gz;101053;{Zhao,2018#867};1.5G
Zingiberales;Musaceae;Musa itinerans;http://dx.doi.org/10.1038/srep31586;ftp://ftp.ncbi.nlm.nih.gov/genomes/all/GCA/001/649/415/GCA 001649415.1 ASM164941v1/GCA 001649415.1 ASM164941v1_genomic.fna.gz;http://ftp.ncbi.nlm.nih.gov/genomes/all/GCA/001/649/415/GCA_001649415.1_ASM164941v1/GCA_001649415.1_ASM164941v1_genomic.fna.gz;GCA 001649415.1;{Wei,2016#502};417M
Asparagales;Orchidaceae;Phalaenopsis aphrodite;http://dx.doi.org/10.1111/pbi.12936;https://www.ncbi.nlm.nih.gov/genome/?term=PRJNA383284;https://ftp.ncbi.nlm.nih.gov/genomes/all/GCA/003/013/225/GCA_003013225.1_ASM301322v1/GCA_003013225.1_ASM301322v1_genomic.fna.gz;GCA_003013225.1;{Belser,2018#868};961M
Asparagales;Orchidaceae;Apostasia shenzhenica;http://dx.doi.org/10.1038/nature23897;https://www.ncbi.nlm.nih.gov/genome/?term=PRJNA310678;https://ftp.ncbi.nlm.nih.gov/genomes/all/GCA/002/786/265/GCA_002786265.1_ASM278626v1/GCA_002786265.1_ASM278626v1_genomic.fna.gz;GCA_002786265.1;{Zhang,2017#536};321M
Asparagales;Orchidaceae;Gastrodia elata;http://dx.doi.org/10.1038/s41467-018-03423-5;https://www.ncbi.nlm.nih.gov/genome/?term=PVEL00000000;https://ftp.ncbi.nlm.nih.gov/genomes/all/GCA/002/966/915/GCA_002966915.1_ASM296691v1/GCA_002966915.1_ASM296691v1_genomic.fna.gz;GCA_002966915.1;{Yuan,2018#531};1009M
Asparagales;Asparagaceae;Asparagus officinalis;http://dx.doi.org/10.1038/s41467-017-01064-8;https://www.ncbi.nlm.nih.gov/genome/?term=PRJNA317340;https://ftp.ncbi.nlm.nih.gov/genomes/all/GCF/001/876/935/GCF_001876935.1_Aspof.V1/GCF_001876935.1_Aspof.V1_genomic.fna.gz;GCF_001876935.1;{Harkess,2017#338};1.1G
Dioscoreales;Dioscoreaceae;Dioscorea rotundata;http://dx.doi.org/10.1186/s12915-017-0419-x;https://www.ncbi.nlm.nih.gov/genome/?term=PRJDB3383;https://ftp.ncbi.nlm.nih.gov/genomes/all/GCA/002/240/015/GCA_002240015.2_TDr96_F1_Pseudo_Chromosome_v1.0/GCA_002240015.2_TDr96_F1_Pseudo_Chromosome_v1.0_genomic.fna.gz;GCA_002240015.2;{Tamiru,2017#469};417M
Liliales;Velloziaceae;Xerophyta viscosa;http://dx.doi.org/10.1038/nplants.2017.38;https://www.ncbi.nlm.nih.gov/genome/?term=PRJNA291133;https://ftp.ncbi.nlm.nih.gov/genomes/all/GCA/002/076/135/GCA_002076135.1_ASM207613v1/GCA_002076135.1_ASM207613v1_genomic.fna.gz;GCA_002076135.1;{Costa,2017#870};256M
Laurales;Lauraceae;Cinnamomum kanehirae;http://dx.doi.org/10.1038/s41477-018-0337-0;https://www.ncbi.nlm.nih.gov/genome/?term=GCA_003546025.1;https://ftp.ncbi.nlm.nih.gov/genomes/all/GCA/003/546/025/GCA_003546025.1_ASBRC_Ckan_1.0/GCA_003546025.1_ASBRC_Ckan_1.0_genomic.fna.gz;GCA_003546025.1;{Chaw, 2019 #960};689M
Magnoliales;Magnoliaceae;Liriodendron chinense;http://dx.doi.org/10.1038/s41477-018-0323-6;https://www.ncbi.nlm.nih.gov/genome/?term=PRJNA418360;https://ftp.ncbi.nlm.nih.gov/genomes/all/GCA/003/013/855/GCA_003013855.2_NJFU_Lchi_2.0/GCA_003013855.2_NJFU_Lchi_2.0_genomic.fna.gz;;{Chen, 2019 #958};1.7G
Pinales;Cupressaceae;Sequoiadendron giganteum;https://www.biorxiv.org/content/10.1101/2020.03.17.995944v1;https://www.ncbi.nlm.nih.gov/genome/?term=GCA_007115665.2;https://ftp.ncbi.nlm.nih.gov/genomes/all/GCA/007/115/665/GCA_007115665.2_SEGI.2.0/GCA_007115665.2_SEGI.2.0_genomic.fna.gz;GCA_007115665.2;{Scott, 2020 #1027};7.7G
Gnetales;Gnetaceae;Gnetum montanum;https://doi.org/10.1038/s41477-017-0097-2;https://treegenesdb.org/FTP/Genomes/Gnmo/v1.0/genome/;https://treegenesdb.org/FTP/Genomes/Gnmo/v1.0/genome/Gnmo.1_0.fa.gz;v1,0;{Wan, 2018 #1016};3.8G
Selaginellales;Selaginellaceae;Selaginella tamariscina;http://dx.doi.org/10.1016/j.molp.2018.05.003;https://www.ncbi.nlm.nih.gov/genome/?term=PRJNA416064;https://ftp.ncbi.nlm.nih.gov/genomes/all/GCA/003/024/785/GCA_003024785.1_ASM302478v1/GCA_003024785.1_ASM302478v1_genomic.fna.gz;GCA_003024785.1;{Xu, 2018 #946};272M
Trebouxiales;Botryococcaeae;Botryococcus braunii;http://dx.doi.org/10.1128/genomeA.00215-17;https://www.ncbi.nlm.nih.gov/genome/?term=MVGU00000000;https://ftp.ncbi.nlm.nih.gov/genomes/all/GCA/002/005/505/GCA_002005505.1_B_braunii_Showa_v1/GCA_002005505.1_B_braunii_Showa_v1_genomic.fna.gz;GCA_002005505.1;{Browne, 2017 #943};161M
Chlamydomonadales;Tetrabaenaceae;Tetrabaena socialis;http://dx.doi.org/10.1093/molbev/msx332;https://www.ncbi.nlm.nih.gov/genome/?term=PGGS00000000;https://ftp.ncbi.nlm.nih.gov/genomes/all/GCA/002/891/735/GCA_002891735.1_TetSoc1/GCA_002891735.1_TetSoc1_genomic.fna.gz;GCA_002891735.1;{Durand, 2017 #928};113M
Chlamydomonadales;Goniaceae;Gonium pectorale;http://dx.doi.org/10.1038/ncomms11370;https://www.ncbi.nlm.nih.gov/genome/?term=LSYV00000000;https://ftp.ncbi.nlm.nih.gov/genomes/all/GCA/001/584/585/GCA_001584585.1_ASM158458v1/GCA_001584585.1_ASM158458v1_genomic.fna.gz;GCA_001584585.1;{Hanschen, 2016 #927};112M
Bangiales;Bangiaceae;Porphyra umbilicalis;http://dx.doi.org/10.1073/pnas.1703088114;https://www.ncbi.nlm.nih.gov/genome/?term=MXAK00000000;https://ftp.ncbi.nlm.nih.gov/genomes/all/GCA/002/049/455/GCA_002049455.2_P_umbilicalis_v1/GCA_002049455.2_P_umbilicalis_v1_genomic.fna.gz;GCA_002049455.2;{Brawley, 2017 #916};64M
